/*INSERTS STATUS*/
INSERT INTO STATE (STATE_ID, NAME, GERMAN_TEXT, ENGLISH_TEXT) VALUES(1, 'FINISHED_SUCCESSFUL', 'Erfolgreicher Abschluss des eUmzugsmeldung', 'Successful completion of eUmzugsmeldung');
INSERT INTO STATE (STATE_ID, NAME, GERMAN_TEXT, ENGLISH_TEXT) VALUES(2, 'RELOCATIONFORM_REJECTED', 'Fehlgeschlagen wegen Ablehnung einer Einwohnergemeinde', 'Failed due to rejection of the relocation form from a municipality');
INSERT INTO STATE (STATE_ID, NAME, GERMAN_TEXT, ENGLISH_TEXT) VALUES(3, 'RESPONSETIME_EXCEEDED', 'Fehlgeschlagen wegen Zeitüberschreitung bei der Kommunikation mit den Einwohnerkontrollsystemen', 'Failed due to exceeded response time with the registration office');
INSERT INTO STATE (STATE_ID, NAME, GERMAN_TEXT, ENGLISH_TEXT) VALUES(4, 'IDENTIFICATION_UNSUCCESSFUL', 'Wegen negativer Personenidentifikation abgebrochen', 'Failed due to unsuccessful identification of the personal data');
INSERT INTO STATE (STATE_ID, NAME, GERMAN_TEXT, ENGLISH_TEXT) VALUES(5, 'FEEPAYMENT_FAILED', 'Fehlgeschlagen wegen nicht akzeptierter Gebühren', 'Failed due to rejected fees');
INSERT INTO STATE (STATE_ID, NAME, GERMAN_TEXT, ENGLISH_TEXT) VALUES(6, 'RELOCATIONFORM_ACCEPTED', 'Erfolgreiche Erfassung der Umzugsmeldung', 'Successful creation of the relocation form');
INSERT INTO STATE (STATE_ID, NAME, GERMAN_TEXT, ENGLISH_TEXT) VALUES(7, 'CANCEL_DUE_TIMEOUT', 'Fehlgeschlagen wegen Zeitüberschreitung', 'Failed due to a timeout.');
INSERT INTO STATE (STATE_ID, NAME, GERMAN_TEXT, ENGLISH_TEXT) VALUES(8, 'CANCEL_PAYMENTERROR', 'Fehlgeschlagen wegen fehlgeschlagener Zahlung', 'Failed due to an error while paying the fees.');

/*INSERTS PERSON*/
INSERT INTO PERSON (LOCAL_PERSON_ID, DATE_OF_BIRTH,  FIRST_NAME, OFFICIAL_NAME, SEX, VN) VALUES('HanMei_1950_07_01', '1950-07-01', 'Hans', 'Meier', 1, 7561111226933);
INSERT INTO PERSON (LOCAL_PERSON_ID, DATE_OF_BIRTH,  FIRST_NAME, OFFICIAL_NAME, SEX, VN) VALUES('AnnMei_1980_07_01', '1980-07-01', 'Anna', 'Meier', 2, 7561111226935);

/*INSERTS TRANSACTIONLOG*/
INSERT INTO TRANSACTION_LOG (LOG_ID, LOG_TIME_STAMP, PERSON_LOCAL_PERSON_ID, STATE_STATE_ID) VALUES (1, '2018-12-21 22:59:59.123', 'HanMei_1950_07_01', 5);
INSERT INTO TRANSACTION_LOG (LOG_ID, LOG_TIME_STAMP, PERSON_LOCAL_PERSON_ID, STATE_STATE_ID) VALUES (2, '2018-12-01 22:12:59.123', 'HanMei_1950_07_01', 3);
INSERT INTO TRANSACTION_LOG (LOG_ID, LOG_TIME_STAMP, PERSON_LOCAL_PERSON_ID, STATE_STATE_ID) VALUES (3, '2018-12-04 18:59:59.123', 'HanMei_1950_07_01', 4);
INSERT INTO TRANSACTION_LOG (LOG_ID, LOG_TIME_STAMP, PERSON_LOCAL_PERSON_ID, STATE_STATE_ID) VALUES (4, '2018-09-10 08:59:59.123', 'HanMei_1950_07_01', 1);
INSERT INTO TRANSACTION_LOG (LOG_ID, LOG_TIME_STAMP, PERSON_LOCAL_PERSON_ID, STATE_STATE_ID) VALUES (5, '2017-11-02 11:29:53.123', 'HanMei_1950_07_01', 2);
INSERT INTO TRANSACTION_LOG (LOG_ID, LOG_TIME_STAMP, PERSON_LOCAL_PERSON_ID, STATE_STATE_ID) VALUES (6, '2016-08-26 12:59:59.123', 'AnnMei_1980_07_01', 4);
INSERT INTO TRANSACTION_LOG (LOG_ID, LOG_TIME_STAMP, PERSON_LOCAL_PERSON_ID, STATE_STATE_ID) VALUES (7, '2018-06-26 06:04:59.432', 'AnnMei_1980_07_01', 1);

/*INSERTS DOCUMENT*/
INSERT INTO DOCUMENT (DOCUMENT_ID, NAME) VALUES(1, 'Heiratsurkunde');
INSERT INTO DOCUMENT (DOCUMENT_ID, NAME) VALUES(2, 'Geburtsurkunde');
INSERT INTO DOCUMENT (DOCUMENT_ID, NAME) VALUES(3, 'Auslaenderausweis');
INSERT INTO DOCUMENT (DOCUMENT_ID, NAME) VALUES(4, 'Heimatschein');
INSERT INTO DOCUMENT (DOCUMENT_ID, NAME) VALUES(5, 'Familienbuechlein');

/*INSERTS MUNICIPALITY*/
INSERT INTO MUNICIPALITY (MUNICIPALITY_ID,MUNICIPALITY_NAME,FEE_MOVE,FEE_MOVE_OUT,FEE_MOVE_IN) VALUES(301,'Aarberg',20,0,20);
INSERT INTO MUNICIPALITY (MUNICIPALITY_ID,MUNICIPALITY_NAME,FEE_MOVE,FEE_MOVE_OUT,FEE_MOVE_IN) VALUES(302,'Bargen (BE)',20,10,30);
INSERT INTO MUNICIPALITY (MUNICIPALITY_ID,MUNICIPALITY_NAME,FEE_MOVE,FEE_MOVE_OUT,FEE_MOVE_IN) VALUES(303,'Grossaffoltern',20,0,10);
INSERT INTO MUNICIPALITY (MUNICIPALITY_ID,MUNICIPALITY_NAME,FEE_MOVE,FEE_MOVE_OUT,FEE_MOVE_IN) VALUES(304,'Kallnach',30,10,0);
INSERT INTO MUNICIPALITY (MUNICIPALITY_ID,MUNICIPALITY_NAME,FEE_MOVE,FEE_MOVE_OUT,FEE_MOVE_IN) VALUES(305,'Kappelen',30,20,20);
INSERT INTO MUNICIPALITY (MUNICIPALITY_ID,MUNICIPALITY_NAME,FEE_MOVE,FEE_MOVE_OUT,FEE_MOVE_IN) VALUES(306,'Lyss',0,0,10);
INSERT INTO MUNICIPALITY (MUNICIPALITY_ID,MUNICIPALITY_NAME,FEE_MOVE,FEE_MOVE_OUT,FEE_MOVE_IN) VALUES(307,'Meikirch',30,20,30);
INSERT INTO MUNICIPALITY (MUNICIPALITY_ID,MUNICIPALITY_NAME,FEE_MOVE,FEE_MOVE_OUT,FEE_MOVE_IN) VALUES(309,'Radelfingen',30,20,20);
INSERT INTO MUNICIPALITY (MUNICIPALITY_ID,MUNICIPALITY_NAME,FEE_MOVE,FEE_MOVE_OUT,FEE_MOVE_IN) VALUES(310,'Rapperswil (BE)',0,10,20);
INSERT INTO MUNICIPALITY (MUNICIPALITY_ID,MUNICIPALITY_NAME,FEE_MOVE,FEE_MOVE_OUT,FEE_MOVE_IN) VALUES(311,'Schüpfen',20,30,10);
INSERT INTO MUNICIPALITY (MUNICIPALITY_ID,MUNICIPALITY_NAME,FEE_MOVE,FEE_MOVE_OUT,FEE_MOVE_IN) VALUES(312,'Seedorf (BE)',10,0,20);
INSERT INTO MUNICIPALITY (MUNICIPALITY_ID,MUNICIPALITY_NAME,FEE_MOVE,FEE_MOVE_OUT,FEE_MOVE_IN) VALUES(321,'Aarwangen',10,10,20);
INSERT INTO MUNICIPALITY (MUNICIPALITY_ID,MUNICIPALITY_NAME,FEE_MOVE,FEE_MOVE_OUT,FEE_MOVE_IN) VALUES(322,'Auswil',20,10,20);
INSERT INTO MUNICIPALITY (MUNICIPALITY_ID,MUNICIPALITY_NAME,FEE_MOVE,FEE_MOVE_OUT,FEE_MOVE_IN) VALUES(323,'Bannwil',10,0,10);
INSERT INTO MUNICIPALITY (MUNICIPALITY_ID,MUNICIPALITY_NAME,FEE_MOVE,FEE_MOVE_OUT,FEE_MOVE_IN) VALUES(324,'Bleienbach',30,30,0);
INSERT INTO MUNICIPALITY (MUNICIPALITY_ID,MUNICIPALITY_NAME,FEE_MOVE,FEE_MOVE_OUT,FEE_MOVE_IN) VALUES(325,'Busswil bei Melchnau',20,0,0);
INSERT INTO MUNICIPALITY (MUNICIPALITY_ID,MUNICIPALITY_NAME,FEE_MOVE,FEE_MOVE_OUT,FEE_MOVE_IN) VALUES(326,'Gondiswil',20,10,30);
INSERT INTO MUNICIPALITY (MUNICIPALITY_ID,MUNICIPALITY_NAME,FEE_MOVE,FEE_MOVE_OUT,FEE_MOVE_IN) VALUES(329,'Langenthal',10,20,10);
INSERT INTO MUNICIPALITY (MUNICIPALITY_ID,MUNICIPALITY_NAME,FEE_MOVE,FEE_MOVE_OUT,FEE_MOVE_IN) VALUES(331,'Lotzwil',10,10,30);
INSERT INTO MUNICIPALITY (MUNICIPALITY_ID,MUNICIPALITY_NAME,FEE_MOVE,FEE_MOVE_OUT,FEE_MOVE_IN) VALUES(332,'Madiswil',20,30,30);
INSERT INTO MUNICIPALITY (MUNICIPALITY_ID,MUNICIPALITY_NAME,FEE_MOVE,FEE_MOVE_OUT,FEE_MOVE_IN) VALUES(333,'Melchnau',10,30,0);
INSERT INTO MUNICIPALITY (MUNICIPALITY_ID,MUNICIPALITY_NAME,FEE_MOVE,FEE_MOVE_OUT,FEE_MOVE_IN) VALUES(334,'Obersteckholz',10,10,20);
INSERT INTO MUNICIPALITY (MUNICIPALITY_ID,MUNICIPALITY_NAME,FEE_MOVE,FEE_MOVE_OUT,FEE_MOVE_IN) VALUES(335,'Oeschenbach',0,10,10);
INSERT INTO MUNICIPALITY (MUNICIPALITY_ID,MUNICIPALITY_NAME,FEE_MOVE,FEE_MOVE_OUT,FEE_MOVE_IN) VALUES(336,'Reisiswil',20,20,20);
INSERT INTO MUNICIPALITY (MUNICIPALITY_ID,MUNICIPALITY_NAME,FEE_MOVE,FEE_MOVE_OUT,FEE_MOVE_IN) VALUES(337,'Roggwil (BE)',30,0,0);
INSERT INTO MUNICIPALITY (MUNICIPALITY_ID,MUNICIPALITY_NAME,FEE_MOVE,FEE_MOVE_OUT,FEE_MOVE_IN) VALUES(338,'Rohrbach',0,30,10);
INSERT INTO MUNICIPALITY (MUNICIPALITY_ID,MUNICIPALITY_NAME,FEE_MOVE,FEE_MOVE_OUT,FEE_MOVE_IN) VALUES(339,'Rohrbachgraben',10,10,20);
INSERT INTO MUNICIPALITY (MUNICIPALITY_ID,MUNICIPALITY_NAME,FEE_MOVE,FEE_MOVE_OUT,FEE_MOVE_IN) VALUES(340,'Rütschelen',10,20,20);
INSERT INTO MUNICIPALITY (MUNICIPALITY_ID,MUNICIPALITY_NAME,FEE_MOVE,FEE_MOVE_OUT,FEE_MOVE_IN) VALUES(341,'Schwarzhäusern',0,0,0);
INSERT INTO MUNICIPALITY (MUNICIPALITY_ID,MUNICIPALITY_NAME,FEE_MOVE,FEE_MOVE_OUT,FEE_MOVE_IN) VALUES(342,'Thunstetten',20,10,10);
INSERT INTO MUNICIPALITY (MUNICIPALITY_ID,MUNICIPALITY_NAME,FEE_MOVE,FEE_MOVE_OUT,FEE_MOVE_IN) VALUES(344,'Ursenbach',10,10,10);
INSERT INTO MUNICIPALITY (MUNICIPALITY_ID,MUNICIPALITY_NAME,FEE_MOVE,FEE_MOVE_OUT,FEE_MOVE_IN) VALUES(345,'Wynau',20,10,30);
INSERT INTO MUNICIPALITY (MUNICIPALITY_ID,MUNICIPALITY_NAME,FEE_MOVE,FEE_MOVE_OUT,FEE_MOVE_IN) VALUES(351,'Bern',20,20,0);
INSERT INTO MUNICIPALITY (MUNICIPALITY_ID,MUNICIPALITY_NAME,FEE_MOVE,FEE_MOVE_OUT,FEE_MOVE_IN) VALUES(352,'Bolligen',10,30,30);
INSERT INTO MUNICIPALITY (MUNICIPALITY_ID,MUNICIPALITY_NAME,FEE_MOVE,FEE_MOVE_OUT,FEE_MOVE_IN) VALUES(353,'Bremgarten bei Bern',10,20,20);
INSERT INTO MUNICIPALITY (MUNICIPALITY_ID,MUNICIPALITY_NAME,FEE_MOVE,FEE_MOVE_OUT,FEE_MOVE_IN) VALUES(354,'Kirchlindach',30,10,20);
INSERT INTO MUNICIPALITY (MUNICIPALITY_ID,MUNICIPALITY_NAME,FEE_MOVE,FEE_MOVE_OUT,FEE_MOVE_IN) VALUES(355,'Köniz',10,20,10);
INSERT INTO MUNICIPALITY (MUNICIPALITY_ID,MUNICIPALITY_NAME,FEE_MOVE,FEE_MOVE_OUT,FEE_MOVE_IN) VALUES(356,'Muri bei Bern',10,10,20);
INSERT INTO MUNICIPALITY (MUNICIPALITY_ID,MUNICIPALITY_NAME,FEE_MOVE,FEE_MOVE_OUT,FEE_MOVE_IN) VALUES(357,'Oberbalm',30,30,0);
INSERT INTO MUNICIPALITY (MUNICIPALITY_ID,MUNICIPALITY_NAME,FEE_MOVE,FEE_MOVE_OUT,FEE_MOVE_IN) VALUES(358,'Stettlen',20,20,30);
INSERT INTO MUNICIPALITY (MUNICIPALITY_ID,MUNICIPALITY_NAME,FEE_MOVE,FEE_MOVE_OUT,FEE_MOVE_IN) VALUES(359,'Vechigen',20,20,10);
INSERT INTO MUNICIPALITY (MUNICIPALITY_ID,MUNICIPALITY_NAME,FEE_MOVE,FEE_MOVE_OUT,FEE_MOVE_IN) VALUES(360,'Wohlen bei Bern',0,0,20);
INSERT INTO MUNICIPALITY (MUNICIPALITY_ID,MUNICIPALITY_NAME,FEE_MOVE,FEE_MOVE_OUT,FEE_MOVE_IN) VALUES(361,'Zollikofen',10,0,0);
INSERT INTO MUNICIPALITY (MUNICIPALITY_ID,MUNICIPALITY_NAME,FEE_MOVE,FEE_MOVE_OUT,FEE_MOVE_IN) VALUES(362,'Ittigen',0,20,20);
INSERT INTO MUNICIPALITY (MUNICIPALITY_ID,MUNICIPALITY_NAME,FEE_MOVE,FEE_MOVE_OUT,FEE_MOVE_IN) VALUES(363,'Ostermundigen',20,0,20);
INSERT INTO MUNICIPALITY (MUNICIPALITY_ID,MUNICIPALITY_NAME,FEE_MOVE,FEE_MOVE_OUT,FEE_MOVE_IN) VALUES(371,'Biel/Bienne',20,20,0);
INSERT INTO MUNICIPALITY (MUNICIPALITY_ID,MUNICIPALITY_NAME,FEE_MOVE,FEE_MOVE_OUT,FEE_MOVE_IN) VALUES(372,'Evilard',20,30,20);
INSERT INTO MUNICIPALITY (MUNICIPALITY_ID,MUNICIPALITY_NAME,FEE_MOVE,FEE_MOVE_OUT,FEE_MOVE_IN) VALUES(381,'Arch',10,30,30);
INSERT INTO MUNICIPALITY (MUNICIPALITY_ID,MUNICIPALITY_NAME,FEE_MOVE,FEE_MOVE_OUT,FEE_MOVE_IN) VALUES(382,'Büetigen',20,20,10);
INSERT INTO MUNICIPALITY (MUNICIPALITY_ID,MUNICIPALITY_NAME,FEE_MOVE,FEE_MOVE_OUT,FEE_MOVE_IN) VALUES(383,'Büren an der Aare',10,10,30);
INSERT INTO MUNICIPALITY (MUNICIPALITY_ID,MUNICIPALITY_NAME,FEE_MOVE,FEE_MOVE_OUT,FEE_MOVE_IN) VALUES(385,'Diessbach bei Büren',20,10,30);
INSERT INTO MUNICIPALITY (MUNICIPALITY_ID,MUNICIPALITY_NAME,FEE_MOVE,FEE_MOVE_OUT,FEE_MOVE_IN) VALUES(386,'Dotzigen',10,30,0);
INSERT INTO MUNICIPALITY (MUNICIPALITY_ID,MUNICIPALITY_NAME,FEE_MOVE,FEE_MOVE_OUT,FEE_MOVE_IN) VALUES(387,'Lengnau (BE)',10,20,0);
INSERT INTO MUNICIPALITY (MUNICIPALITY_ID,MUNICIPALITY_NAME,FEE_MOVE,FEE_MOVE_OUT,FEE_MOVE_IN) VALUES(388,'Leuzigen',10,20,10);
INSERT INTO MUNICIPALITY (MUNICIPALITY_ID,MUNICIPALITY_NAME,FEE_MOVE,FEE_MOVE_OUT,FEE_MOVE_IN) VALUES(389,'Meienried',20,10,30);
INSERT INTO MUNICIPALITY (MUNICIPALITY_ID,MUNICIPALITY_NAME,FEE_MOVE,FEE_MOVE_OUT,FEE_MOVE_IN) VALUES(390,'Meinisberg',20,30,20);
INSERT INTO MUNICIPALITY (MUNICIPALITY_ID,MUNICIPALITY_NAME,FEE_MOVE,FEE_MOVE_OUT,FEE_MOVE_IN) VALUES(391,'Oberwil bei Büren',10,20,30);
INSERT INTO MUNICIPALITY (MUNICIPALITY_ID,MUNICIPALITY_NAME,FEE_MOVE,FEE_MOVE_OUT,FEE_MOVE_IN) VALUES(392,'Pieterlen',0,0,20);
INSERT INTO MUNICIPALITY (MUNICIPALITY_ID,MUNICIPALITY_NAME,FEE_MOVE,FEE_MOVE_OUT,FEE_MOVE_IN) VALUES(393,'Rüti bei Büren',0,20,20);
INSERT INTO MUNICIPALITY (MUNICIPALITY_ID,MUNICIPALITY_NAME,FEE_MOVE,FEE_MOVE_OUT,FEE_MOVE_IN) VALUES(394,'Wengi',10,10,0);
INSERT INTO MUNICIPALITY (MUNICIPALITY_ID,MUNICIPALITY_NAME,FEE_MOVE,FEE_MOVE_OUT,FEE_MOVE_IN) VALUES(401,'Aefligen',20,0,10);
INSERT INTO MUNICIPALITY (MUNICIPALITY_ID,MUNICIPALITY_NAME,FEE_MOVE,FEE_MOVE_OUT,FEE_MOVE_IN) VALUES(402,'Alchenstorf',30,30,20);
INSERT INTO MUNICIPALITY (MUNICIPALITY_ID,MUNICIPALITY_NAME,FEE_MOVE,FEE_MOVE_OUT,FEE_MOVE_IN) VALUES(403,'Bäriswil',20,0,10);
INSERT INTO MUNICIPALITY (MUNICIPALITY_ID,MUNICIPALITY_NAME,FEE_MOVE,FEE_MOVE_OUT,FEE_MOVE_IN) VALUES(404,'Burgdorf',0,20,0);
INSERT INTO MUNICIPALITY (MUNICIPALITY_ID,MUNICIPALITY_NAME,FEE_MOVE,FEE_MOVE_OUT,FEE_MOVE_IN) VALUES(405,'Ersigen',20,0,10);
INSERT INTO MUNICIPALITY (MUNICIPALITY_ID,MUNICIPALITY_NAME,FEE_MOVE,FEE_MOVE_OUT,FEE_MOVE_IN) VALUES(406,'Hasle bei Burgdorf',10,30,0);
INSERT INTO MUNICIPALITY (MUNICIPALITY_ID,MUNICIPALITY_NAME,FEE_MOVE,FEE_MOVE_OUT,FEE_MOVE_IN) VALUES(407,'Heimiswil',10,10,10);
INSERT INTO MUNICIPALITY (MUNICIPALITY_ID,MUNICIPALITY_NAME,FEE_MOVE,FEE_MOVE_OUT,FEE_MOVE_IN) VALUES(408,'Hellsau',10,10,10);
INSERT INTO MUNICIPALITY (MUNICIPALITY_ID,MUNICIPALITY_NAME,FEE_MOVE,FEE_MOVE_OUT,FEE_MOVE_IN) VALUES(409,'Hindelbank',30,10,0);
INSERT INTO MUNICIPALITY (MUNICIPALITY_ID,MUNICIPALITY_NAME,FEE_MOVE,FEE_MOVE_OUT,FEE_MOVE_IN) VALUES(410,'Höchstetten',10,0,10);
INSERT INTO MUNICIPALITY (MUNICIPALITY_ID,MUNICIPALITY_NAME,FEE_MOVE,FEE_MOVE_OUT,FEE_MOVE_IN) VALUES(411,'Kernenried',30,0,20);
INSERT INTO MUNICIPALITY (MUNICIPALITY_ID,MUNICIPALITY_NAME,FEE_MOVE,FEE_MOVE_OUT,FEE_MOVE_IN) VALUES(412,'Kirchberg (BE)',10,30,30);
INSERT INTO MUNICIPALITY (MUNICIPALITY_ID,MUNICIPALITY_NAME,FEE_MOVE,FEE_MOVE_OUT,FEE_MOVE_IN) VALUES(413,'Koppigen',20,20,0);
INSERT INTO MUNICIPALITY (MUNICIPALITY_ID,MUNICIPALITY_NAME,FEE_MOVE,FEE_MOVE_OUT,FEE_MOVE_IN) VALUES(414,'Krauchthal',0,20,30);
INSERT INTO MUNICIPALITY (MUNICIPALITY_ID,MUNICIPALITY_NAME,FEE_MOVE,FEE_MOVE_OUT,FEE_MOVE_IN) VALUES(415,'Lyssach',30,20,20);
INSERT INTO MUNICIPALITY (MUNICIPALITY_ID,MUNICIPALITY_NAME,FEE_MOVE,FEE_MOVE_OUT,FEE_MOVE_IN) VALUES(416,'Mötschwil',20,0,10);
INSERT INTO MUNICIPALITY (MUNICIPALITY_ID,MUNICIPALITY_NAME,FEE_MOVE,FEE_MOVE_OUT,FEE_MOVE_IN) VALUES(418,'Oberburg',30,0,0);
INSERT INTO MUNICIPALITY (MUNICIPALITY_ID,MUNICIPALITY_NAME,FEE_MOVE,FEE_MOVE_OUT,FEE_MOVE_IN) VALUES(420,'Rüdtligen-Alchenflüh',10,20,30);
INSERT INTO MUNICIPALITY (MUNICIPALITY_ID,MUNICIPALITY_NAME,FEE_MOVE,FEE_MOVE_OUT,FEE_MOVE_IN) VALUES(421,'Rumendingen',20,20,0);
INSERT INTO MUNICIPALITY (MUNICIPALITY_ID,MUNICIPALITY_NAME,FEE_MOVE,FEE_MOVE_OUT,FEE_MOVE_IN) VALUES(422,'Rüti bei Lyssach',10,20,20);
INSERT INTO MUNICIPALITY (MUNICIPALITY_ID,MUNICIPALITY_NAME,FEE_MOVE,FEE_MOVE_OUT,FEE_MOVE_IN) VALUES(423,'Willadingen',10,20,30);
INSERT INTO MUNICIPALITY (MUNICIPALITY_ID,MUNICIPALITY_NAME,FEE_MOVE,FEE_MOVE_OUT,FEE_MOVE_IN) VALUES(424,'Wynigen',10,10,30);
INSERT INTO MUNICIPALITY (MUNICIPALITY_ID,MUNICIPALITY_NAME,FEE_MOVE,FEE_MOVE_OUT,FEE_MOVE_IN) VALUES(431,'Corgémont',0,20,10);
INSERT INTO MUNICIPALITY (MUNICIPALITY_ID,MUNICIPALITY_NAME,FEE_MOVE,FEE_MOVE_OUT,FEE_MOVE_IN) VALUES(432,'Cormoret',10,20,20);
INSERT INTO MUNICIPALITY (MUNICIPALITY_ID,MUNICIPALITY_NAME,FEE_MOVE,FEE_MOVE_OUT,FEE_MOVE_IN) VALUES(433,'Cortébert',20,10,10);
INSERT INTO MUNICIPALITY (MUNICIPALITY_ID,MUNICIPALITY_NAME,FEE_MOVE,FEE_MOVE_OUT,FEE_MOVE_IN) VALUES(434,'Courtelary',20,20,20);
INSERT INTO MUNICIPALITY (MUNICIPALITY_ID,MUNICIPALITY_NAME,FEE_MOVE,FEE_MOVE_OUT,FEE_MOVE_IN) VALUES(435,'La Ferrière',30,20,10);
INSERT INTO MUNICIPALITY (MUNICIPALITY_ID,MUNICIPALITY_NAME,FEE_MOVE,FEE_MOVE_OUT,FEE_MOVE_IN) VALUES(437,'Mont-Tramelan',30,10,30);
INSERT INTO MUNICIPALITY (MUNICIPALITY_ID,MUNICIPALITY_NAME,FEE_MOVE,FEE_MOVE_OUT,FEE_MOVE_IN) VALUES(438,'Orvin',0,20,10);
INSERT INTO MUNICIPALITY (MUNICIPALITY_ID,MUNICIPALITY_NAME,FEE_MOVE,FEE_MOVE_OUT,FEE_MOVE_IN) VALUES(441,'Renan (BE)',20,10,20);
INSERT INTO MUNICIPALITY (MUNICIPALITY_ID,MUNICIPALITY_NAME,FEE_MOVE,FEE_MOVE_OUT,FEE_MOVE_IN) VALUES(442,'Romont (BE)',20,30,20);
INSERT INTO MUNICIPALITY (MUNICIPALITY_ID,MUNICIPALITY_NAME,FEE_MOVE,FEE_MOVE_OUT,FEE_MOVE_IN) VALUES(443,'Saint-Imier',10,20,20);
INSERT INTO MUNICIPALITY (MUNICIPALITY_ID,MUNICIPALITY_NAME,FEE_MOVE,FEE_MOVE_OUT,FEE_MOVE_IN) VALUES(444,'Sonceboz-Sombeval',10,10,10);
INSERT INTO MUNICIPALITY (MUNICIPALITY_ID,MUNICIPALITY_NAME,FEE_MOVE,FEE_MOVE_OUT,FEE_MOVE_IN) VALUES(445,'Sonvilier',10,20,10);
INSERT INTO MUNICIPALITY (MUNICIPALITY_ID,MUNICIPALITY_NAME,FEE_MOVE,FEE_MOVE_OUT,FEE_MOVE_IN) VALUES(446,'Tramelan',10,0,30);
INSERT INTO MUNICIPALITY (MUNICIPALITY_ID,MUNICIPALITY_NAME,FEE_MOVE,FEE_MOVE_OUT,FEE_MOVE_IN) VALUES(448,'Villeret',0,20,10);
INSERT INTO MUNICIPALITY (MUNICIPALITY_ID,MUNICIPALITY_NAME,FEE_MOVE,FEE_MOVE_OUT,FEE_MOVE_IN) VALUES(449,'Sauge',30,20,10);
INSERT INTO MUNICIPALITY (MUNICIPALITY_ID,MUNICIPALITY_NAME,FEE_MOVE,FEE_MOVE_OUT,FEE_MOVE_IN) VALUES(450,'Péry-La Heutte',0,0,10);
INSERT INTO MUNICIPALITY (MUNICIPALITY_ID,MUNICIPALITY_NAME,FEE_MOVE,FEE_MOVE_OUT,FEE_MOVE_IN) VALUES(491,'Brüttelen',30,10,10);
INSERT INTO MUNICIPALITY (MUNICIPALITY_ID,MUNICIPALITY_NAME,FEE_MOVE,FEE_MOVE_OUT,FEE_MOVE_IN) VALUES(492,'Erlach',10,30,10);
INSERT INTO MUNICIPALITY (MUNICIPALITY_ID,MUNICIPALITY_NAME,FEE_MOVE,FEE_MOVE_OUT,FEE_MOVE_IN) VALUES(493,'Finsterhennen',10,30,10);
INSERT INTO MUNICIPALITY (MUNICIPALITY_ID,MUNICIPALITY_NAME,FEE_MOVE,FEE_MOVE_OUT,FEE_MOVE_IN) VALUES(494,'Gals',0,30,30);
INSERT INTO MUNICIPALITY (MUNICIPALITY_ID,MUNICIPALITY_NAME,FEE_MOVE,FEE_MOVE_OUT,FEE_MOVE_IN) VALUES(495,'Gampelen',30,10,10);
INSERT INTO MUNICIPALITY (MUNICIPALITY_ID,MUNICIPALITY_NAME,FEE_MOVE,FEE_MOVE_OUT,FEE_MOVE_IN) VALUES(496,'Ins',10,20,30);
INSERT INTO MUNICIPALITY (MUNICIPALITY_ID,MUNICIPALITY_NAME,FEE_MOVE,FEE_MOVE_OUT,FEE_MOVE_IN) VALUES(497,'Lüscherz',10,0,30);
INSERT INTO MUNICIPALITY (MUNICIPALITY_ID,MUNICIPALITY_NAME,FEE_MOVE,FEE_MOVE_OUT,FEE_MOVE_IN) VALUES(498,'Müntschemier',20,10,20);
INSERT INTO MUNICIPALITY (MUNICIPALITY_ID,MUNICIPALITY_NAME,FEE_MOVE,FEE_MOVE_OUT,FEE_MOVE_IN) VALUES(499,'Siselen',0,20,20);
INSERT INTO MUNICIPALITY (MUNICIPALITY_ID,MUNICIPALITY_NAME,FEE_MOVE,FEE_MOVE_OUT,FEE_MOVE_IN) VALUES(500,'Treiten',10,10,20);
INSERT INTO MUNICIPALITY (MUNICIPALITY_ID,MUNICIPALITY_NAME,FEE_MOVE,FEE_MOVE_OUT,FEE_MOVE_IN) VALUES(501,'Tschugg',0,10,10);
INSERT INTO MUNICIPALITY (MUNICIPALITY_ID,MUNICIPALITY_NAME,FEE_MOVE,FEE_MOVE_OUT,FEE_MOVE_IN) VALUES(502,'Vinelz',20,20,0);
INSERT INTO MUNICIPALITY (MUNICIPALITY_ID,MUNICIPALITY_NAME,FEE_MOVE,FEE_MOVE_OUT,FEE_MOVE_IN) VALUES(533,'Bätterkinden',0,30,10);
INSERT INTO MUNICIPALITY (MUNICIPALITY_ID,MUNICIPALITY_NAME,FEE_MOVE,FEE_MOVE_OUT,FEE_MOVE_IN) VALUES(535,'Deisswil bei Münchenbuchsee',30,20,20);
INSERT INTO MUNICIPALITY (MUNICIPALITY_ID,MUNICIPALITY_NAME,FEE_MOVE,FEE_MOVE_OUT,FEE_MOVE_IN) VALUES(536,'Diemerswil',0,10,0);
INSERT INTO MUNICIPALITY (MUNICIPALITY_ID,MUNICIPALITY_NAME,FEE_MOVE,FEE_MOVE_OUT,FEE_MOVE_IN) VALUES(538,'Fraubrunnen',20,0,20);
INSERT INTO MUNICIPALITY (MUNICIPALITY_ID,MUNICIPALITY_NAME,FEE_MOVE,FEE_MOVE_OUT,FEE_MOVE_IN) VALUES(540,'Jegenstorf',20,10,0);
INSERT INTO MUNICIPALITY (MUNICIPALITY_ID,MUNICIPALITY_NAME,FEE_MOVE,FEE_MOVE_OUT,FEE_MOVE_IN) VALUES(541,'Iffwil',10,20,10);
INSERT INTO MUNICIPALITY (MUNICIPALITY_ID,MUNICIPALITY_NAME,FEE_MOVE,FEE_MOVE_OUT,FEE_MOVE_IN) VALUES(543,'Mattstetten',10,30,30);
INSERT INTO MUNICIPALITY (MUNICIPALITY_ID,MUNICIPALITY_NAME,FEE_MOVE,FEE_MOVE_OUT,FEE_MOVE_IN) VALUES(544,'Moosseedorf',0,20,20);
INSERT INTO MUNICIPALITY (MUNICIPALITY_ID,MUNICIPALITY_NAME,FEE_MOVE,FEE_MOVE_OUT,FEE_MOVE_IN) VALUES(546,'Münchenbuchsee',20,10,20);
INSERT INTO MUNICIPALITY (MUNICIPALITY_ID,MUNICIPALITY_NAME,FEE_MOVE,FEE_MOVE_OUT,FEE_MOVE_IN) VALUES(551,'Urtenen-Schönbühl',20,10,10);
INSERT INTO MUNICIPALITY (MUNICIPALITY_ID,MUNICIPALITY_NAME,FEE_MOVE,FEE_MOVE_OUT,FEE_MOVE_IN) VALUES(552,'Utzenstorf',0,20,10);
INSERT INTO MUNICIPALITY (MUNICIPALITY_ID,MUNICIPALITY_NAME,FEE_MOVE,FEE_MOVE_OUT,FEE_MOVE_IN) VALUES(553,'Wiggiswil',30,20,10);
INSERT INTO MUNICIPALITY (MUNICIPALITY_ID,MUNICIPALITY_NAME,FEE_MOVE,FEE_MOVE_OUT,FEE_MOVE_IN) VALUES(554,'Wiler bei Utzenstorf',10,10,20);
INSERT INTO MUNICIPALITY (MUNICIPALITY_ID,MUNICIPALITY_NAME,FEE_MOVE,FEE_MOVE_OUT,FEE_MOVE_IN) VALUES(556,'Zielebach',30,10,20);
INSERT INTO MUNICIPALITY (MUNICIPALITY_ID,MUNICIPALITY_NAME,FEE_MOVE,FEE_MOVE_OUT,FEE_MOVE_IN) VALUES(557,'Zuzwil (BE)',10,20,20);
INSERT INTO MUNICIPALITY (MUNICIPALITY_ID,MUNICIPALITY_NAME,FEE_MOVE,FEE_MOVE_OUT,FEE_MOVE_IN) VALUES(561,'Adelboden',20,20,30);
INSERT INTO MUNICIPALITY (MUNICIPALITY_ID,MUNICIPALITY_NAME,FEE_MOVE,FEE_MOVE_OUT,FEE_MOVE_IN) VALUES(562,'Aeschi bei Spiez',20,10,10);
INSERT INTO MUNICIPALITY (MUNICIPALITY_ID,MUNICIPALITY_NAME,FEE_MOVE,FEE_MOVE_OUT,FEE_MOVE_IN) VALUES(563,'Frutigen',30,20,10);
INSERT INTO MUNICIPALITY (MUNICIPALITY_ID,MUNICIPALITY_NAME,FEE_MOVE,FEE_MOVE_OUT,FEE_MOVE_IN) VALUES(564,'Kandergrund',10,20,20);
INSERT INTO MUNICIPALITY (MUNICIPALITY_ID,MUNICIPALITY_NAME,FEE_MOVE,FEE_MOVE_OUT,FEE_MOVE_IN) VALUES(565,'Kandersteg',20,20,20);
INSERT INTO MUNICIPALITY (MUNICIPALITY_ID,MUNICIPALITY_NAME,FEE_MOVE,FEE_MOVE_OUT,FEE_MOVE_IN) VALUES(566,'Krattigen',10,10,20);
INSERT INTO MUNICIPALITY (MUNICIPALITY_ID,MUNICIPALITY_NAME,FEE_MOVE,FEE_MOVE_OUT,FEE_MOVE_IN) VALUES(567,'Reichenbach im Kandertal',10,20,0);
INSERT INTO MUNICIPALITY (MUNICIPALITY_ID,MUNICIPALITY_NAME,FEE_MOVE,FEE_MOVE_OUT,FEE_MOVE_IN) VALUES(571,'Beatenberg',20,20,0);
INSERT INTO MUNICIPALITY (MUNICIPALITY_ID,MUNICIPALITY_NAME,FEE_MOVE,FEE_MOVE_OUT,FEE_MOVE_IN) VALUES(572,'Bönigen',10,0,10);
INSERT INTO MUNICIPALITY (MUNICIPALITY_ID,MUNICIPALITY_NAME,FEE_MOVE,FEE_MOVE_OUT,FEE_MOVE_IN) VALUES(573,'Brienz (BE)',20,20,20);
INSERT INTO MUNICIPALITY (MUNICIPALITY_ID,MUNICIPALITY_NAME,FEE_MOVE,FEE_MOVE_OUT,FEE_MOVE_IN) VALUES(574,'Brienzwiler',10,10,20);
INSERT INTO MUNICIPALITY (MUNICIPALITY_ID,MUNICIPALITY_NAME,FEE_MOVE,FEE_MOVE_OUT,FEE_MOVE_IN) VALUES(575,'Därligen',10,20,30);
INSERT INTO MUNICIPALITY (MUNICIPALITY_ID,MUNICIPALITY_NAME,FEE_MOVE,FEE_MOVE_OUT,FEE_MOVE_IN) VALUES(576,'Grindelwald',0,10,10);
INSERT INTO MUNICIPALITY (MUNICIPALITY_ID,MUNICIPALITY_NAME,FEE_MOVE,FEE_MOVE_OUT,FEE_MOVE_IN) VALUES(577,'Gsteigwiler',0,10,0);
INSERT INTO MUNICIPALITY (MUNICIPALITY_ID,MUNICIPALITY_NAME,FEE_MOVE,FEE_MOVE_OUT,FEE_MOVE_IN) VALUES(578,'Gündlischwand',10,0,30);
INSERT INTO MUNICIPALITY (MUNICIPALITY_ID,MUNICIPALITY_NAME,FEE_MOVE,FEE_MOVE_OUT,FEE_MOVE_IN) VALUES(579,'Habkern',20,30,0);
INSERT INTO MUNICIPALITY (MUNICIPALITY_ID,MUNICIPALITY_NAME,FEE_MOVE,FEE_MOVE_OUT,FEE_MOVE_IN) VALUES(580,'Hofstetten bei Brienz',10,30,30);
INSERT INTO MUNICIPALITY (MUNICIPALITY_ID,MUNICIPALITY_NAME,FEE_MOVE,FEE_MOVE_OUT,FEE_MOVE_IN) VALUES(581,'Interlaken',20,10,0);
INSERT INTO MUNICIPALITY (MUNICIPALITY_ID,MUNICIPALITY_NAME,FEE_MOVE,FEE_MOVE_OUT,FEE_MOVE_IN) VALUES(582,'Iseltwald',20,20,10);
INSERT INTO MUNICIPALITY (MUNICIPALITY_ID,MUNICIPALITY_NAME,FEE_MOVE,FEE_MOVE_OUT,FEE_MOVE_IN) VALUES(584,'Lauterbrunnen',20,0,10);
INSERT INTO MUNICIPALITY (MUNICIPALITY_ID,MUNICIPALITY_NAME,FEE_MOVE,FEE_MOVE_OUT,FEE_MOVE_IN) VALUES(585,'Leissigen',10,10,30);
INSERT INTO MUNICIPALITY (MUNICIPALITY_ID,MUNICIPALITY_NAME,FEE_MOVE,FEE_MOVE_OUT,FEE_MOVE_IN) VALUES(586,'Lütschental',20,20,0);
INSERT INTO MUNICIPALITY (MUNICIPALITY_ID,MUNICIPALITY_NAME,FEE_MOVE,FEE_MOVE_OUT,FEE_MOVE_IN) VALUES(587,'Matten bei Interlaken',30,0,0);
INSERT INTO MUNICIPALITY (MUNICIPALITY_ID,MUNICIPALITY_NAME,FEE_MOVE,FEE_MOVE_OUT,FEE_MOVE_IN) VALUES(588,'Niederried bei Interlaken',20,10,30);
INSERT INTO MUNICIPALITY (MUNICIPALITY_ID,MUNICIPALITY_NAME,FEE_MOVE,FEE_MOVE_OUT,FEE_MOVE_IN) VALUES(589,'Oberried am Brienzersee',0,20,10);
INSERT INTO MUNICIPALITY (MUNICIPALITY_ID,MUNICIPALITY_NAME,FEE_MOVE,FEE_MOVE_OUT,FEE_MOVE_IN) VALUES(590,'Ringgenberg (BE)',30,10,20);
INSERT INTO MUNICIPALITY (MUNICIPALITY_ID,MUNICIPALITY_NAME,FEE_MOVE,FEE_MOVE_OUT,FEE_MOVE_IN) VALUES(591,'Saxeten',10,10,10);
INSERT INTO MUNICIPALITY (MUNICIPALITY_ID,MUNICIPALITY_NAME,FEE_MOVE,FEE_MOVE_OUT,FEE_MOVE_IN) VALUES(592,'Schwanden bei Brienz',10,10,10);
INSERT INTO MUNICIPALITY (MUNICIPALITY_ID,MUNICIPALITY_NAME,FEE_MOVE,FEE_MOVE_OUT,FEE_MOVE_IN) VALUES(593,'Unterseen',20,30,0);
INSERT INTO MUNICIPALITY (MUNICIPALITY_ID,MUNICIPALITY_NAME,FEE_MOVE,FEE_MOVE_OUT,FEE_MOVE_IN) VALUES(594,'Wilderswil',30,0,10);
INSERT INTO MUNICIPALITY (MUNICIPALITY_ID,MUNICIPALITY_NAME,FEE_MOVE,FEE_MOVE_OUT,FEE_MOVE_IN) VALUES(602,'Arni (BE)',30,20,10);
INSERT INTO MUNICIPALITY (MUNICIPALITY_ID,MUNICIPALITY_NAME,FEE_MOVE,FEE_MOVE_OUT,FEE_MOVE_IN) VALUES(603,'Biglen',30,20,0);
INSERT INTO MUNICIPALITY (MUNICIPALITY_ID,MUNICIPALITY_NAME,FEE_MOVE,FEE_MOVE_OUT,FEE_MOVE_IN) VALUES(605,'Bowil',30,10,10);
INSERT INTO MUNICIPALITY (MUNICIPALITY_ID,MUNICIPALITY_NAME,FEE_MOVE,FEE_MOVE_OUT,FEE_MOVE_IN) VALUES(606,'Brenzikofen',0,30,0);
INSERT INTO MUNICIPALITY (MUNICIPALITY_ID,MUNICIPALITY_NAME,FEE_MOVE,FEE_MOVE_OUT,FEE_MOVE_IN) VALUES(607,'Freimettigen',0,30,20);
INSERT INTO MUNICIPALITY (MUNICIPALITY_ID,MUNICIPALITY_NAME,FEE_MOVE,FEE_MOVE_OUT,FEE_MOVE_IN) VALUES(608,'Grosshöchstetten',0,20,20);
INSERT INTO MUNICIPALITY (MUNICIPALITY_ID,MUNICIPALITY_NAME,FEE_MOVE,FEE_MOVE_OUT,FEE_MOVE_IN) VALUES(609,'Häutligen',0,20,20);
INSERT INTO MUNICIPALITY (MUNICIPALITY_ID,MUNICIPALITY_NAME,FEE_MOVE,FEE_MOVE_OUT,FEE_MOVE_IN) VALUES(610,'Herbligen',20,0,20);
INSERT INTO MUNICIPALITY (MUNICIPALITY_ID,MUNICIPALITY_NAME,FEE_MOVE,FEE_MOVE_OUT,FEE_MOVE_IN) VALUES(611,'Kiesen',10,30,10);
INSERT INTO MUNICIPALITY (MUNICIPALITY_ID,MUNICIPALITY_NAME,FEE_MOVE,FEE_MOVE_OUT,FEE_MOVE_IN) VALUES(612,'Konolfingen',10,0,10);
INSERT INTO MUNICIPALITY (MUNICIPALITY_ID,MUNICIPALITY_NAME,FEE_MOVE,FEE_MOVE_OUT,FEE_MOVE_IN) VALUES(613,'Landiswil',20,0,20);
INSERT INTO MUNICIPALITY (MUNICIPALITY_ID,MUNICIPALITY_NAME,FEE_MOVE,FEE_MOVE_OUT,FEE_MOVE_IN) VALUES(614,'Linden',10,0,10);
INSERT INTO MUNICIPALITY (MUNICIPALITY_ID,MUNICIPALITY_NAME,FEE_MOVE,FEE_MOVE_OUT,FEE_MOVE_IN) VALUES(615,'Mirchel',20,0,20);
INSERT INTO MUNICIPALITY (MUNICIPALITY_ID,MUNICIPALITY_NAME,FEE_MOVE,FEE_MOVE_OUT,FEE_MOVE_IN) VALUES(616,'Münsingen',0,20,30);
INSERT INTO MUNICIPALITY (MUNICIPALITY_ID,MUNICIPALITY_NAME,FEE_MOVE,FEE_MOVE_OUT,FEE_MOVE_IN) VALUES(617,'Niederhünigen',30,30,10);
INSERT INTO MUNICIPALITY (MUNICIPALITY_ID,MUNICIPALITY_NAME,FEE_MOVE,FEE_MOVE_OUT,FEE_MOVE_IN) VALUES(619,'Oberdiessbach',10,30,20);
INSERT INTO MUNICIPALITY (MUNICIPALITY_ID,MUNICIPALITY_NAME,FEE_MOVE,FEE_MOVE_OUT,FEE_MOVE_IN) VALUES(620,'Oberthal',10,0,10);
INSERT INTO MUNICIPALITY (MUNICIPALITY_ID,MUNICIPALITY_NAME,FEE_MOVE,FEE_MOVE_OUT,FEE_MOVE_IN) VALUES(622,'Oppligen',10,30,10);
INSERT INTO MUNICIPALITY (MUNICIPALITY_ID,MUNICIPALITY_NAME,FEE_MOVE,FEE_MOVE_OUT,FEE_MOVE_IN) VALUES(623,'Rubigen',20,10,10);
INSERT INTO MUNICIPALITY (MUNICIPALITY_ID,MUNICIPALITY_NAME,FEE_MOVE,FEE_MOVE_OUT,FEE_MOVE_IN) VALUES(624,'Schlosswil',0,10,30);
INSERT INTO MUNICIPALITY (MUNICIPALITY_ID,MUNICIPALITY_NAME,FEE_MOVE,FEE_MOVE_OUT,FEE_MOVE_IN) VALUES(626,'Walkringen',20,20,20);
INSERT INTO MUNICIPALITY (MUNICIPALITY_ID,MUNICIPALITY_NAME,FEE_MOVE,FEE_MOVE_OUT,FEE_MOVE_IN) VALUES(627,'Worb',30,20,0);
INSERT INTO MUNICIPALITY (MUNICIPALITY_ID,MUNICIPALITY_NAME,FEE_MOVE,FEE_MOVE_OUT,FEE_MOVE_IN) VALUES(628,'Zäziwil',0,10,10);
INSERT INTO MUNICIPALITY (MUNICIPALITY_ID,MUNICIPALITY_NAME,FEE_MOVE,FEE_MOVE_OUT,FEE_MOVE_IN) VALUES(629,'Oberhünigen',0,0,10);
INSERT INTO MUNICIPALITY (MUNICIPALITY_ID,MUNICIPALITY_NAME,FEE_MOVE,FEE_MOVE_OUT,FEE_MOVE_IN) VALUES(630,'Allmendingen',30,30,10);
INSERT INTO MUNICIPALITY (MUNICIPALITY_ID,MUNICIPALITY_NAME,FEE_MOVE,FEE_MOVE_OUT,FEE_MOVE_IN) VALUES(632,'Wichtrach',20,10,20);
INSERT INTO MUNICIPALITY (MUNICIPALITY_ID,MUNICIPALITY_NAME,FEE_MOVE,FEE_MOVE_OUT,FEE_MOVE_IN) VALUES(661,'Clavaleyres',10,20,10);
INSERT INTO MUNICIPALITY (MUNICIPALITY_ID,MUNICIPALITY_NAME,FEE_MOVE,FEE_MOVE_OUT,FEE_MOVE_IN) VALUES(662,'Ferenbalm',10,10,20);
INSERT INTO MUNICIPALITY (MUNICIPALITY_ID,MUNICIPALITY_NAME,FEE_MOVE,FEE_MOVE_OUT,FEE_MOVE_IN) VALUES(663,'Frauenkappelen',10,20,30);
INSERT INTO MUNICIPALITY (MUNICIPALITY_ID,MUNICIPALITY_NAME,FEE_MOVE,FEE_MOVE_OUT,FEE_MOVE_IN) VALUES(664,'Golaten',30,20,20);
INSERT INTO MUNICIPALITY (MUNICIPALITY_ID,MUNICIPALITY_NAME,FEE_MOVE,FEE_MOVE_OUT,FEE_MOVE_IN) VALUES(665,'Gurbrü',20,0,20);
INSERT INTO MUNICIPALITY (MUNICIPALITY_ID,MUNICIPALITY_NAME,FEE_MOVE,FEE_MOVE_OUT,FEE_MOVE_IN) VALUES(666,'Kriechenwil',10,30,0);
INSERT INTO MUNICIPALITY (MUNICIPALITY_ID,MUNICIPALITY_NAME,FEE_MOVE,FEE_MOVE_OUT,FEE_MOVE_IN) VALUES(667,'Laupen',20,10,10);
INSERT INTO MUNICIPALITY (MUNICIPALITY_ID,MUNICIPALITY_NAME,FEE_MOVE,FEE_MOVE_OUT,FEE_MOVE_IN) VALUES(668,'Mühleberg',10,10,0);
INSERT INTO MUNICIPALITY (MUNICIPALITY_ID,MUNICIPALITY_NAME,FEE_MOVE,FEE_MOVE_OUT,FEE_MOVE_IN) VALUES(669,'Münchenwiler',20,20,10);
INSERT INTO MUNICIPALITY (MUNICIPALITY_ID,MUNICIPALITY_NAME,FEE_MOVE,FEE_MOVE_OUT,FEE_MOVE_IN) VALUES(670,'Neuenegg',30,30,20);
INSERT INTO MUNICIPALITY (MUNICIPALITY_ID,MUNICIPALITY_NAME,FEE_MOVE,FEE_MOVE_OUT,FEE_MOVE_IN) VALUES(671,'Wileroltigen',10,0,20);
INSERT INTO MUNICIPALITY (MUNICIPALITY_ID,MUNICIPALITY_NAME,FEE_MOVE,FEE_MOVE_OUT,FEE_MOVE_IN) VALUES(681,'Belprahon',10,20,20);
INSERT INTO MUNICIPALITY (MUNICIPALITY_ID,MUNICIPALITY_NAME,FEE_MOVE,FEE_MOVE_OUT,FEE_MOVE_IN) VALUES(683,'Champoz',30,20,20);
INSERT INTO MUNICIPALITY (MUNICIPALITY_ID,MUNICIPALITY_NAME,FEE_MOVE,FEE_MOVE_OUT,FEE_MOVE_IN) VALUES(687,'Corcelles (BE)',30,30,0);
INSERT INTO MUNICIPALITY (MUNICIPALITY_ID,MUNICIPALITY_NAME,FEE_MOVE,FEE_MOVE_OUT,FEE_MOVE_IN) VALUES(690,'Court',20,20,20);
INSERT INTO MUNICIPALITY (MUNICIPALITY_ID,MUNICIPALITY_NAME,FEE_MOVE,FEE_MOVE_OUT,FEE_MOVE_IN) VALUES(691,'Crémines',20,10,20);
INSERT INTO MUNICIPALITY (MUNICIPALITY_ID,MUNICIPALITY_NAME,FEE_MOVE,FEE_MOVE_OUT,FEE_MOVE_IN) VALUES(692,'Eschert',20,10,30);
INSERT INTO MUNICIPALITY (MUNICIPALITY_ID,MUNICIPALITY_NAME,FEE_MOVE,FEE_MOVE_OUT,FEE_MOVE_IN) VALUES(694,'Grandval',0,20,10);
INSERT INTO MUNICIPALITY (MUNICIPALITY_ID,MUNICIPALITY_NAME,FEE_MOVE,FEE_MOVE_OUT,FEE_MOVE_IN) VALUES(696,'Loveresse',20,20,10);
INSERT INTO MUNICIPALITY (MUNICIPALITY_ID,MUNICIPALITY_NAME,FEE_MOVE,FEE_MOVE_OUT,FEE_MOVE_IN) VALUES(700,'Moutier',20,0,20);
INSERT INTO MUNICIPALITY (MUNICIPALITY_ID,MUNICIPALITY_NAME,FEE_MOVE,FEE_MOVE_OUT,FEE_MOVE_IN) VALUES(701,'Perrefitte',0,20,10);
INSERT INTO MUNICIPALITY (MUNICIPALITY_ID,MUNICIPALITY_NAME,FEE_MOVE,FEE_MOVE_OUT,FEE_MOVE_IN) VALUES(703,'Reconvilier',0,10,0);
INSERT INTO MUNICIPALITY (MUNICIPALITY_ID,MUNICIPALITY_NAME,FEE_MOVE,FEE_MOVE_OUT,FEE_MOVE_IN) VALUES(704,'Roches (BE)',20,0,10);
INSERT INTO MUNICIPALITY (MUNICIPALITY_ID,MUNICIPALITY_NAME,FEE_MOVE,FEE_MOVE_OUT,FEE_MOVE_IN) VALUES(706,'Saicourt',0,0,20);
INSERT INTO MUNICIPALITY (MUNICIPALITY_ID,MUNICIPALITY_NAME,FEE_MOVE,FEE_MOVE_OUT,FEE_MOVE_IN) VALUES(707,'Saules (BE)',10,20,20);
INSERT INTO MUNICIPALITY (MUNICIPALITY_ID,MUNICIPALITY_NAME,FEE_MOVE,FEE_MOVE_OUT,FEE_MOVE_IN) VALUES(708,'Schelten',0,30,30);
INSERT INTO MUNICIPALITY (MUNICIPALITY_ID,MUNICIPALITY_NAME,FEE_MOVE,FEE_MOVE_OUT,FEE_MOVE_IN) VALUES(709,'Seehof',30,20,20);
INSERT INTO MUNICIPALITY (MUNICIPALITY_ID,MUNICIPALITY_NAME,FEE_MOVE,FEE_MOVE_OUT,FEE_MOVE_IN) VALUES(711,'Sorvilier',10,20,10);
INSERT INTO MUNICIPALITY (MUNICIPALITY_ID,MUNICIPALITY_NAME,FEE_MOVE,FEE_MOVE_OUT,FEE_MOVE_IN) VALUES(713,'Tavannes',10,10,30);
INSERT INTO MUNICIPALITY (MUNICIPALITY_ID,MUNICIPALITY_NAME,FEE_MOVE,FEE_MOVE_OUT,FEE_MOVE_IN) VALUES(715,'Rebévelier',20,30,10);
INSERT INTO MUNICIPALITY (MUNICIPALITY_ID,MUNICIPALITY_NAME,FEE_MOVE,FEE_MOVE_OUT,FEE_MOVE_IN) VALUES(716,'Petit-Val',20,30,20);
INSERT INTO MUNICIPALITY (MUNICIPALITY_ID,MUNICIPALITY_NAME,FEE_MOVE,FEE_MOVE_OUT,FEE_MOVE_IN) VALUES(717,'Valbirse',10,20,20);
INSERT INTO MUNICIPALITY (MUNICIPALITY_ID,MUNICIPALITY_NAME,FEE_MOVE,FEE_MOVE_OUT,FEE_MOVE_IN) VALUES(723,'La Neuveville',10,20,20);
INSERT INTO MUNICIPALITY (MUNICIPALITY_ID,MUNICIPALITY_NAME,FEE_MOVE,FEE_MOVE_OUT,FEE_MOVE_IN) VALUES(724,'Nods',10,0,30);
INSERT INTO MUNICIPALITY (MUNICIPALITY_ID,MUNICIPALITY_NAME,FEE_MOVE,FEE_MOVE_OUT,FEE_MOVE_IN) VALUES(726,'Plateau de Diesse',20,20,30);
INSERT INTO MUNICIPALITY (MUNICIPALITY_ID,MUNICIPALITY_NAME,FEE_MOVE,FEE_MOVE_OUT,FEE_MOVE_IN) VALUES(731,'Aegerten',30,30,10);
INSERT INTO MUNICIPALITY (MUNICIPALITY_ID,MUNICIPALITY_NAME,FEE_MOVE,FEE_MOVE_OUT,FEE_MOVE_IN) VALUES(732,'Bellmund',10,20,0);
INSERT INTO MUNICIPALITY (MUNICIPALITY_ID,MUNICIPALITY_NAME,FEE_MOVE,FEE_MOVE_OUT,FEE_MOVE_IN) VALUES(733,'Brügg',30,30,20);
INSERT INTO MUNICIPALITY (MUNICIPALITY_ID,MUNICIPALITY_NAME,FEE_MOVE,FEE_MOVE_OUT,FEE_MOVE_IN) VALUES(734,'Bühl',20,0,20);
INSERT INTO MUNICIPALITY (MUNICIPALITY_ID,MUNICIPALITY_NAME,FEE_MOVE,FEE_MOVE_OUT,FEE_MOVE_IN) VALUES(735,'Epsach',0,10,20);
INSERT INTO MUNICIPALITY (MUNICIPALITY_ID,MUNICIPALITY_NAME,FEE_MOVE,FEE_MOVE_OUT,FEE_MOVE_IN) VALUES(736,'Hagneck',10,0,10);
INSERT INTO MUNICIPALITY (MUNICIPALITY_ID,MUNICIPALITY_NAME,FEE_MOVE,FEE_MOVE_OUT,FEE_MOVE_IN) VALUES(737,'Hermrigen',20,10,10);
INSERT INTO MUNICIPALITY (MUNICIPALITY_ID,MUNICIPALITY_NAME,FEE_MOVE,FEE_MOVE_OUT,FEE_MOVE_IN) VALUES(738,'Jens',30,30,0);
INSERT INTO MUNICIPALITY (MUNICIPALITY_ID,MUNICIPALITY_NAME,FEE_MOVE,FEE_MOVE_OUT,FEE_MOVE_IN) VALUES(739,'Ipsach',0,10,0);
INSERT INTO MUNICIPALITY (MUNICIPALITY_ID,MUNICIPALITY_NAME,FEE_MOVE,FEE_MOVE_OUT,FEE_MOVE_IN) VALUES(740,'Ligerz',20,10,20);
INSERT INTO MUNICIPALITY (MUNICIPALITY_ID,MUNICIPALITY_NAME,FEE_MOVE,FEE_MOVE_OUT,FEE_MOVE_IN) VALUES(741,'Merzligen',10,20,0);
INSERT INTO MUNICIPALITY (MUNICIPALITY_ID,MUNICIPALITY_NAME,FEE_MOVE,FEE_MOVE_OUT,FEE_MOVE_IN) VALUES(742,'Mörigen',20,0,30);
INSERT INTO MUNICIPALITY (MUNICIPALITY_ID,MUNICIPALITY_NAME,FEE_MOVE,FEE_MOVE_OUT,FEE_MOVE_IN) VALUES(743,'Nidau',20,10,30);
INSERT INTO MUNICIPALITY (MUNICIPALITY_ID,MUNICIPALITY_NAME,FEE_MOVE,FEE_MOVE_OUT,FEE_MOVE_IN) VALUES(744,'Orpund',10,20,0);
INSERT INTO MUNICIPALITY (MUNICIPALITY_ID,MUNICIPALITY_NAME,FEE_MOVE,FEE_MOVE_OUT,FEE_MOVE_IN) VALUES(745,'Port',20,0,0);
INSERT INTO MUNICIPALITY (MUNICIPALITY_ID,MUNICIPALITY_NAME,FEE_MOVE,FEE_MOVE_OUT,FEE_MOVE_IN) VALUES(746,'Safnern',30,20,20);
INSERT INTO MUNICIPALITY (MUNICIPALITY_ID,MUNICIPALITY_NAME,FEE_MOVE,FEE_MOVE_OUT,FEE_MOVE_IN) VALUES(747,'Scheuren',10,10,10);
INSERT INTO MUNICIPALITY (MUNICIPALITY_ID,MUNICIPALITY_NAME,FEE_MOVE,FEE_MOVE_OUT,FEE_MOVE_IN) VALUES(748,'Schwadernau',0,20,10);
INSERT INTO MUNICIPALITY (MUNICIPALITY_ID,MUNICIPALITY_NAME,FEE_MOVE,FEE_MOVE_OUT,FEE_MOVE_IN) VALUES(749,'Studen (BE)',20,10,10);
INSERT INTO MUNICIPALITY (MUNICIPALITY_ID,MUNICIPALITY_NAME,FEE_MOVE,FEE_MOVE_OUT,FEE_MOVE_IN) VALUES(750,'Sutz-Lattrigen',30,10,30);
INSERT INTO MUNICIPALITY (MUNICIPALITY_ID,MUNICIPALITY_NAME,FEE_MOVE,FEE_MOVE_OUT,FEE_MOVE_IN) VALUES(751,'Täuffelen',20,10,10);
INSERT INTO MUNICIPALITY (MUNICIPALITY_ID,MUNICIPALITY_NAME,FEE_MOVE,FEE_MOVE_OUT,FEE_MOVE_IN) VALUES(754,'Walperswil',20,20,10);
INSERT INTO MUNICIPALITY (MUNICIPALITY_ID,MUNICIPALITY_NAME,FEE_MOVE,FEE_MOVE_OUT,FEE_MOVE_IN) VALUES(755,'Worben',20,30,30);
INSERT INTO MUNICIPALITY (MUNICIPALITY_ID,MUNICIPALITY_NAME,FEE_MOVE,FEE_MOVE_OUT,FEE_MOVE_IN) VALUES(756,'Twann-Tüscherz',30,30,20);
INSERT INTO MUNICIPALITY (MUNICIPALITY_ID,MUNICIPALITY_NAME,FEE_MOVE,FEE_MOVE_OUT,FEE_MOVE_IN) VALUES(761,'Därstetten',20,10,0);
INSERT INTO MUNICIPALITY (MUNICIPALITY_ID,MUNICIPALITY_NAME,FEE_MOVE,FEE_MOVE_OUT,FEE_MOVE_IN) VALUES(762,'Diemtigen',20,20,10);
INSERT INTO MUNICIPALITY (MUNICIPALITY_ID,MUNICIPALITY_NAME,FEE_MOVE,FEE_MOVE_OUT,FEE_MOVE_IN) VALUES(763,'Erlenbach im Simmental',10,0,10);
INSERT INTO MUNICIPALITY (MUNICIPALITY_ID,MUNICIPALITY_NAME,FEE_MOVE,FEE_MOVE_OUT,FEE_MOVE_IN) VALUES(766,'Oberwil im Simmental',20,10,20);
INSERT INTO MUNICIPALITY (MUNICIPALITY_ID,MUNICIPALITY_NAME,FEE_MOVE,FEE_MOVE_OUT,FEE_MOVE_IN) VALUES(767,'Reutigen',20,10,30);
INSERT INTO MUNICIPALITY (MUNICIPALITY_ID,MUNICIPALITY_NAME,FEE_MOVE,FEE_MOVE_OUT,FEE_MOVE_IN) VALUES(768,'Spiez',10,20,30);
INSERT INTO MUNICIPALITY (MUNICIPALITY_ID,MUNICIPALITY_NAME,FEE_MOVE,FEE_MOVE_OUT,FEE_MOVE_IN) VALUES(769,'Wimmis',10,10,10);
INSERT INTO MUNICIPALITY (MUNICIPALITY_ID,MUNICIPALITY_NAME,FEE_MOVE,FEE_MOVE_OUT,FEE_MOVE_IN) VALUES(770,'Stocken-Höfen',10,20,0);
INSERT INTO MUNICIPALITY (MUNICIPALITY_ID,MUNICIPALITY_NAME,FEE_MOVE,FEE_MOVE_OUT,FEE_MOVE_IN) VALUES(782,'Guttannen',30,0,10);
INSERT INTO MUNICIPALITY (MUNICIPALITY_ID,MUNICIPALITY_NAME,FEE_MOVE,FEE_MOVE_OUT,FEE_MOVE_IN) VALUES(783,'Hasliberg',20,30,0);
INSERT INTO MUNICIPALITY (MUNICIPALITY_ID,MUNICIPALITY_NAME,FEE_MOVE,FEE_MOVE_OUT,FEE_MOVE_IN) VALUES(784,'Innertkirchen',30,30,10);
INSERT INTO MUNICIPALITY (MUNICIPALITY_ID,MUNICIPALITY_NAME,FEE_MOVE,FEE_MOVE_OUT,FEE_MOVE_IN) VALUES(785,'Meiringen',20,30,10);
INSERT INTO MUNICIPALITY (MUNICIPALITY_ID,MUNICIPALITY_NAME,FEE_MOVE,FEE_MOVE_OUT,FEE_MOVE_IN) VALUES(786,'Schattenhalb',0,30,20);
INSERT INTO MUNICIPALITY (MUNICIPALITY_ID,MUNICIPALITY_NAME,FEE_MOVE,FEE_MOVE_OUT,FEE_MOVE_IN) VALUES(791,'Boltigen',30,10,0);
INSERT INTO MUNICIPALITY (MUNICIPALITY_ID,MUNICIPALITY_NAME,FEE_MOVE,FEE_MOVE_OUT,FEE_MOVE_IN) VALUES(792,'Lenk',10,0,0);
INSERT INTO MUNICIPALITY (MUNICIPALITY_ID,MUNICIPALITY_NAME,FEE_MOVE,FEE_MOVE_OUT,FEE_MOVE_IN) VALUES(793,'St. Stephan',30,30,20);
INSERT INTO MUNICIPALITY (MUNICIPALITY_ID,MUNICIPALITY_NAME,FEE_MOVE,FEE_MOVE_OUT,FEE_MOVE_IN) VALUES(794,'Zweisimmen',30,30,30);
INSERT INTO MUNICIPALITY (MUNICIPALITY_ID,MUNICIPALITY_NAME,FEE_MOVE,FEE_MOVE_OUT,FEE_MOVE_IN) VALUES(841,'Gsteig',20,10,10);
INSERT INTO MUNICIPALITY (MUNICIPALITY_ID,MUNICIPALITY_NAME,FEE_MOVE,FEE_MOVE_OUT,FEE_MOVE_IN) VALUES(842,'Lauenen',10,0,10);
INSERT INTO MUNICIPALITY (MUNICIPALITY_ID,MUNICIPALITY_NAME,FEE_MOVE,FEE_MOVE_OUT,FEE_MOVE_IN) VALUES(843,'Saanen',20,20,20);
INSERT INTO MUNICIPALITY (MUNICIPALITY_ID,MUNICIPALITY_NAME,FEE_MOVE,FEE_MOVE_OUT,FEE_MOVE_IN) VALUES(852,'Guggisberg',10,20,10);
INSERT INTO MUNICIPALITY (MUNICIPALITY_ID,MUNICIPALITY_NAME,FEE_MOVE,FEE_MOVE_OUT,FEE_MOVE_IN) VALUES(853,'Rüschegg',30,0,10);
INSERT INTO MUNICIPALITY (MUNICIPALITY_ID,MUNICIPALITY_NAME,FEE_MOVE,FEE_MOVE_OUT,FEE_MOVE_IN) VALUES(855,'Schwarzenburg',0,30,30);
INSERT INTO MUNICIPALITY (MUNICIPALITY_ID,MUNICIPALITY_NAME,FEE_MOVE,FEE_MOVE_OUT,FEE_MOVE_IN) VALUES(861,'Belp',10,10,10);
INSERT INTO MUNICIPALITY (MUNICIPALITY_ID,MUNICIPALITY_NAME,FEE_MOVE,FEE_MOVE_OUT,FEE_MOVE_IN) VALUES(863,'Burgistein',10,10,20);
INSERT INTO MUNICIPALITY (MUNICIPALITY_ID,MUNICIPALITY_NAME,FEE_MOVE,FEE_MOVE_OUT,FEE_MOVE_IN) VALUES(865,'Gelterfingen',0,30,0);
INSERT INTO MUNICIPALITY (MUNICIPALITY_ID,MUNICIPALITY_NAME,FEE_MOVE,FEE_MOVE_OUT,FEE_MOVE_IN) VALUES(866,'Gerzensee',0,0,10);
INSERT INTO MUNICIPALITY (MUNICIPALITY_ID,MUNICIPALITY_NAME,FEE_MOVE,FEE_MOVE_OUT,FEE_MOVE_IN) VALUES(867,'Gurzelen',10,0,30);
INSERT INTO MUNICIPALITY (MUNICIPALITY_ID,MUNICIPALITY_NAME,FEE_MOVE,FEE_MOVE_OUT,FEE_MOVE_IN) VALUES(868,'Jaberg',10,10,0);
INSERT INTO MUNICIPALITY (MUNICIPALITY_ID,MUNICIPALITY_NAME,FEE_MOVE,FEE_MOVE_OUT,FEE_MOVE_IN) VALUES(869,'Kaufdorf',20,20,30);
INSERT INTO MUNICIPALITY (MUNICIPALITY_ID,MUNICIPALITY_NAME,FEE_MOVE,FEE_MOVE_OUT,FEE_MOVE_IN) VALUES(870,'Kehrsatz',20,20,10);
INSERT INTO MUNICIPALITY (MUNICIPALITY_ID,MUNICIPALITY_NAME,FEE_MOVE,FEE_MOVE_OUT,FEE_MOVE_IN) VALUES(872,'Kirchdorf (BE)',20,20,30);
INSERT INTO MUNICIPALITY (MUNICIPALITY_ID,MUNICIPALITY_NAME,FEE_MOVE,FEE_MOVE_OUT,FEE_MOVE_IN) VALUES(873,'Kirchenthurnen',30,10,30);
INSERT INTO MUNICIPALITY (MUNICIPALITY_ID,MUNICIPALITY_NAME,FEE_MOVE,FEE_MOVE_OUT,FEE_MOVE_IN) VALUES(874,'Lohnstorf',0,10,0);
INSERT INTO MUNICIPALITY (MUNICIPALITY_ID,MUNICIPALITY_NAME,FEE_MOVE,FEE_MOVE_OUT,FEE_MOVE_IN) VALUES(875,'Mühledorf (BE)',0,10,10);
INSERT INTO MUNICIPALITY (MUNICIPALITY_ID,MUNICIPALITY_NAME,FEE_MOVE,FEE_MOVE_OUT,FEE_MOVE_IN) VALUES(876,'Mühlethurnen',20,20,0);
INSERT INTO MUNICIPALITY (MUNICIPALITY_ID,MUNICIPALITY_NAME,FEE_MOVE,FEE_MOVE_OUT,FEE_MOVE_IN) VALUES(877,'Niedermuhlern',10,20,10);
INSERT INTO MUNICIPALITY (MUNICIPALITY_ID,MUNICIPALITY_NAME,FEE_MOVE,FEE_MOVE_OUT,FEE_MOVE_IN) VALUES(878,'Noflen',20,20,10);
INSERT INTO MUNICIPALITY (MUNICIPALITY_ID,MUNICIPALITY_NAME,FEE_MOVE,FEE_MOVE_OUT,FEE_MOVE_IN) VALUES(879,'Riggisberg',30,10,10);
INSERT INTO MUNICIPALITY (MUNICIPALITY_ID,MUNICIPALITY_NAME,FEE_MOVE,FEE_MOVE_OUT,FEE_MOVE_IN) VALUES(880,'Rüeggisberg',0,10,20);
INSERT INTO MUNICIPALITY (MUNICIPALITY_ID,MUNICIPALITY_NAME,FEE_MOVE,FEE_MOVE_OUT,FEE_MOVE_IN) VALUES(881,'Rümligen',10,0,10);
INSERT INTO MUNICIPALITY (MUNICIPALITY_ID,MUNICIPALITY_NAME,FEE_MOVE,FEE_MOVE_OUT,FEE_MOVE_IN) VALUES(883,'Seftigen',20,30,10);
INSERT INTO MUNICIPALITY (MUNICIPALITY_ID,MUNICIPALITY_NAME,FEE_MOVE,FEE_MOVE_OUT,FEE_MOVE_IN) VALUES(884,'Toffen',30,30,30);
INSERT INTO MUNICIPALITY (MUNICIPALITY_ID,MUNICIPALITY_NAME,FEE_MOVE,FEE_MOVE_OUT,FEE_MOVE_IN) VALUES(885,'Uttigen',30,10,10);
INSERT INTO MUNICIPALITY (MUNICIPALITY_ID,MUNICIPALITY_NAME,FEE_MOVE,FEE_MOVE_OUT,FEE_MOVE_IN) VALUES(886,'Wattenwil',30,10,10);
INSERT INTO MUNICIPALITY (MUNICIPALITY_ID,MUNICIPALITY_NAME,FEE_MOVE,FEE_MOVE_OUT,FEE_MOVE_IN) VALUES(888,'Wald (BE)',10,30,0);
INSERT INTO MUNICIPALITY (MUNICIPALITY_ID,MUNICIPALITY_NAME,FEE_MOVE,FEE_MOVE_OUT,FEE_MOVE_IN) VALUES(901,'Eggiwil',10,10,20);
INSERT INTO MUNICIPALITY (MUNICIPALITY_ID,MUNICIPALITY_NAME,FEE_MOVE,FEE_MOVE_OUT,FEE_MOVE_IN) VALUES(902,'Langnau im Emmental',10,30,10);
INSERT INTO MUNICIPALITY (MUNICIPALITY_ID,MUNICIPALITY_NAME,FEE_MOVE,FEE_MOVE_OUT,FEE_MOVE_IN) VALUES(903,'Lauperswil',30,20,20);
INSERT INTO MUNICIPALITY (MUNICIPALITY_ID,MUNICIPALITY_NAME,FEE_MOVE,FEE_MOVE_OUT,FEE_MOVE_IN) VALUES(904,'Röthenbach im Emmental',10,0,0);
INSERT INTO MUNICIPALITY (MUNICIPALITY_ID,MUNICIPALITY_NAME,FEE_MOVE,FEE_MOVE_OUT,FEE_MOVE_IN) VALUES(905,'Rüderswil',30,0,10);
INSERT INTO MUNICIPALITY (MUNICIPALITY_ID,MUNICIPALITY_NAME,FEE_MOVE,FEE_MOVE_OUT,FEE_MOVE_IN) VALUES(906,'Schangnau',30,30,30);
INSERT INTO MUNICIPALITY (MUNICIPALITY_ID,MUNICIPALITY_NAME,FEE_MOVE,FEE_MOVE_OUT,FEE_MOVE_IN) VALUES(907,'Signau',10,10,10);
INSERT INTO MUNICIPALITY (MUNICIPALITY_ID,MUNICIPALITY_NAME,FEE_MOVE,FEE_MOVE_OUT,FEE_MOVE_IN) VALUES(908,'Trub',20,20,0);
INSERT INTO MUNICIPALITY (MUNICIPALITY_ID,MUNICIPALITY_NAME,FEE_MOVE,FEE_MOVE_OUT,FEE_MOVE_IN) VALUES(909,'Trubschachen',0,30,30);
INSERT INTO MUNICIPALITY (MUNICIPALITY_ID,MUNICIPALITY_NAME,FEE_MOVE,FEE_MOVE_OUT,FEE_MOVE_IN) VALUES(921,'Amsoldingen',30,10,0);
INSERT INTO MUNICIPALITY (MUNICIPALITY_ID,MUNICIPALITY_NAME,FEE_MOVE,FEE_MOVE_OUT,FEE_MOVE_IN) VALUES(922,'Blumenstein',20,10,20);
INSERT INTO MUNICIPALITY (MUNICIPALITY_ID,MUNICIPALITY_NAME,FEE_MOVE,FEE_MOVE_OUT,FEE_MOVE_IN) VALUES(923,'Buchholterberg',20,20,10);
INSERT INTO MUNICIPALITY (MUNICIPALITY_ID,MUNICIPALITY_NAME,FEE_MOVE,FEE_MOVE_OUT,FEE_MOVE_IN) VALUES(924,'Eriz',30,10,30);
INSERT INTO MUNICIPALITY (MUNICIPALITY_ID,MUNICIPALITY_NAME,FEE_MOVE,FEE_MOVE_OUT,FEE_MOVE_IN) VALUES(925,'Fahrni',20,20,30);
INSERT INTO MUNICIPALITY (MUNICIPALITY_ID,MUNICIPALITY_NAME,FEE_MOVE,FEE_MOVE_OUT,FEE_MOVE_IN) VALUES(927,'Heiligenschwendi',10,10,10);
INSERT INTO MUNICIPALITY (MUNICIPALITY_ID,MUNICIPALITY_NAME,FEE_MOVE,FEE_MOVE_OUT,FEE_MOVE_IN) VALUES(928,'Heimberg',20,0,20);
INSERT INTO MUNICIPALITY (MUNICIPALITY_ID,MUNICIPALITY_NAME,FEE_MOVE,FEE_MOVE_OUT,FEE_MOVE_IN) VALUES(929,'Hilterfingen',10,20,10);
INSERT INTO MUNICIPALITY (MUNICIPALITY_ID,MUNICIPALITY_NAME,FEE_MOVE,FEE_MOVE_OUT,FEE_MOVE_IN) VALUES(931,'Homberg',20,30,20);
INSERT INTO MUNICIPALITY (MUNICIPALITY_ID,MUNICIPALITY_NAME,FEE_MOVE,FEE_MOVE_OUT,FEE_MOVE_IN) VALUES(932,'Horrenbach-Buchen',0,20,30);
INSERT INTO MUNICIPALITY (MUNICIPALITY_ID,MUNICIPALITY_NAME,FEE_MOVE,FEE_MOVE_OUT,FEE_MOVE_IN) VALUES(934,'Oberhofen am Thunersee',20,20,20);
INSERT INTO MUNICIPALITY (MUNICIPALITY_ID,MUNICIPALITY_NAME,FEE_MOVE,FEE_MOVE_OUT,FEE_MOVE_IN) VALUES(935,'Oberlangenegg',10,10,30);
INSERT INTO MUNICIPALITY (MUNICIPALITY_ID,MUNICIPALITY_NAME,FEE_MOVE,FEE_MOVE_OUT,FEE_MOVE_IN) VALUES(936,'Pohlern',10,10,20);
INSERT INTO MUNICIPALITY (MUNICIPALITY_ID,MUNICIPALITY_NAME,FEE_MOVE,FEE_MOVE_OUT,FEE_MOVE_IN) VALUES(937,'Schwendibach',10,20,30);
INSERT INTO MUNICIPALITY (MUNICIPALITY_ID,MUNICIPALITY_NAME,FEE_MOVE,FEE_MOVE_OUT,FEE_MOVE_IN) VALUES(938,'Sigriswil',30,30,10);
INSERT INTO MUNICIPALITY (MUNICIPALITY_ID,MUNICIPALITY_NAME,FEE_MOVE,FEE_MOVE_OUT,FEE_MOVE_IN) VALUES(939,'Steffisburg',10,10,30);
INSERT INTO MUNICIPALITY (MUNICIPALITY_ID,MUNICIPALITY_NAME,FEE_MOVE,FEE_MOVE_OUT,FEE_MOVE_IN) VALUES(940,'Teuffenthal (BE)',10,0,30);
INSERT INTO MUNICIPALITY (MUNICIPALITY_ID,MUNICIPALITY_NAME,FEE_MOVE,FEE_MOVE_OUT,FEE_MOVE_IN) VALUES(941,'Thierachern',0,10,20);
INSERT INTO MUNICIPALITY (MUNICIPALITY_ID,MUNICIPALITY_NAME,FEE_MOVE,FEE_MOVE_OUT,FEE_MOVE_IN) VALUES(942,'Thun',0,10,10);
INSERT INTO MUNICIPALITY (MUNICIPALITY_ID,MUNICIPALITY_NAME,FEE_MOVE,FEE_MOVE_OUT,FEE_MOVE_IN) VALUES(943,'Uebeschi',20,10,10);
INSERT INTO MUNICIPALITY (MUNICIPALITY_ID,MUNICIPALITY_NAME,FEE_MOVE,FEE_MOVE_OUT,FEE_MOVE_IN) VALUES(944,'Uetendorf',30,10,10);
INSERT INTO MUNICIPALITY (MUNICIPALITY_ID,MUNICIPALITY_NAME,FEE_MOVE,FEE_MOVE_OUT,FEE_MOVE_IN) VALUES(945,'Unterlangenegg',20,30,30);
INSERT INTO MUNICIPALITY (MUNICIPALITY_ID,MUNICIPALITY_NAME,FEE_MOVE,FEE_MOVE_OUT,FEE_MOVE_IN) VALUES(946,'Wachseldorn',10,10,20);
INSERT INTO MUNICIPALITY (MUNICIPALITY_ID,MUNICIPALITY_NAME,FEE_MOVE,FEE_MOVE_OUT,FEE_MOVE_IN) VALUES(947,'Zwieselberg',30,20,30);
INSERT INTO MUNICIPALITY (MUNICIPALITY_ID,MUNICIPALITY_NAME,FEE_MOVE,FEE_MOVE_OUT,FEE_MOVE_IN) VALUES(948,'Forst-Längenbühl',10,20,30);
INSERT INTO MUNICIPALITY (MUNICIPALITY_ID,MUNICIPALITY_NAME,FEE_MOVE,FEE_MOVE_OUT,FEE_MOVE_IN) VALUES(951,'Affoltern im Emmental',30,0,20);
INSERT INTO MUNICIPALITY (MUNICIPALITY_ID,MUNICIPALITY_NAME,FEE_MOVE,FEE_MOVE_OUT,FEE_MOVE_IN) VALUES(952,'Dürrenroth',0,30,0);
INSERT INTO MUNICIPALITY (MUNICIPALITY_ID,MUNICIPALITY_NAME,FEE_MOVE,FEE_MOVE_OUT,FEE_MOVE_IN) VALUES(953,'Eriswil',30,20,20);
INSERT INTO MUNICIPALITY (MUNICIPALITY_ID,MUNICIPALITY_NAME,FEE_MOVE,FEE_MOVE_OUT,FEE_MOVE_IN) VALUES(954,'Huttwil',30,10,30);
INSERT INTO MUNICIPALITY (MUNICIPALITY_ID,MUNICIPALITY_NAME,FEE_MOVE,FEE_MOVE_OUT,FEE_MOVE_IN) VALUES(955,'Lützelflüh',30,20,20);
INSERT INTO MUNICIPALITY (MUNICIPALITY_ID,MUNICIPALITY_NAME,FEE_MOVE,FEE_MOVE_OUT,FEE_MOVE_IN) VALUES(956,'Rüegsau',10,10,20);
INSERT INTO MUNICIPALITY (MUNICIPALITY_ID,MUNICIPALITY_NAME,FEE_MOVE,FEE_MOVE_OUT,FEE_MOVE_IN) VALUES(957,'Sumiswald',20,10,30);
INSERT INTO MUNICIPALITY (MUNICIPALITY_ID,MUNICIPALITY_NAME,FEE_MOVE,FEE_MOVE_OUT,FEE_MOVE_IN) VALUES(958,'Trachselwald',20,0,0);
INSERT INTO MUNICIPALITY (MUNICIPALITY_ID,MUNICIPALITY_NAME,FEE_MOVE,FEE_MOVE_OUT,FEE_MOVE_IN) VALUES(959,'Walterswil (BE)',10,30,30);
INSERT INTO MUNICIPALITY (MUNICIPALITY_ID,MUNICIPALITY_NAME,FEE_MOVE,FEE_MOVE_OUT,FEE_MOVE_IN) VALUES(960,'Wyssachen',20,20,30);
INSERT INTO MUNICIPALITY (MUNICIPALITY_ID,MUNICIPALITY_NAME,FEE_MOVE,FEE_MOVE_OUT,FEE_MOVE_IN) VALUES(971,'Attiswil',10,30,30);
INSERT INTO MUNICIPALITY (MUNICIPALITY_ID,MUNICIPALITY_NAME,FEE_MOVE,FEE_MOVE_OUT,FEE_MOVE_IN) VALUES(972,'Berken',30,10,20);
INSERT INTO MUNICIPALITY (MUNICIPALITY_ID,MUNICIPALITY_NAME,FEE_MOVE,FEE_MOVE_OUT,FEE_MOVE_IN) VALUES(973,'Bettenhausen',0,20,30);
INSERT INTO MUNICIPALITY (MUNICIPALITY_ID,MUNICIPALITY_NAME,FEE_MOVE,FEE_MOVE_OUT,FEE_MOVE_IN) VALUES(975,'Farnern',20,20,20);
INSERT INTO MUNICIPALITY (MUNICIPALITY_ID,MUNICIPALITY_NAME,FEE_MOVE,FEE_MOVE_OUT,FEE_MOVE_IN) VALUES(976,'Graben',10,10,10);
INSERT INTO MUNICIPALITY (MUNICIPALITY_ID,MUNICIPALITY_NAME,FEE_MOVE,FEE_MOVE_OUT,FEE_MOVE_IN) VALUES(977,'Heimenhausen',30,30,10);
INSERT INTO MUNICIPALITY (MUNICIPALITY_ID,MUNICIPALITY_NAME,FEE_MOVE,FEE_MOVE_OUT,FEE_MOVE_IN) VALUES(979,'Herzogenbuchsee',0,10,10);
INSERT INTO MUNICIPALITY (MUNICIPALITY_ID,MUNICIPALITY_NAME,FEE_MOVE,FEE_MOVE_OUT,FEE_MOVE_IN) VALUES(980,'Inkwil',10,0,30);
INSERT INTO MUNICIPALITY (MUNICIPALITY_ID,MUNICIPALITY_NAME,FEE_MOVE,FEE_MOVE_OUT,FEE_MOVE_IN) VALUES(981,'Niederbipp',10,10,10);
INSERT INTO MUNICIPALITY (MUNICIPALITY_ID,MUNICIPALITY_NAME,FEE_MOVE,FEE_MOVE_OUT,FEE_MOVE_IN) VALUES(982,'Niederönz',10,30,10);
INSERT INTO MUNICIPALITY (MUNICIPALITY_ID,MUNICIPALITY_NAME,FEE_MOVE,FEE_MOVE_OUT,FEE_MOVE_IN) VALUES(983,'Oberbipp',20,10,0);
INSERT INTO MUNICIPALITY (MUNICIPALITY_ID,MUNICIPALITY_NAME,FEE_MOVE,FEE_MOVE_OUT,FEE_MOVE_IN) VALUES(985,'Ochlenberg',30,30,10);
INSERT INTO MUNICIPALITY (MUNICIPALITY_ID,MUNICIPALITY_NAME,FEE_MOVE,FEE_MOVE_OUT,FEE_MOVE_IN) VALUES(987,'Rumisberg',20,0,30);
INSERT INTO MUNICIPALITY (MUNICIPALITY_ID,MUNICIPALITY_NAME,FEE_MOVE,FEE_MOVE_OUT,FEE_MOVE_IN) VALUES(988,'Seeberg',0,20,0);
INSERT INTO MUNICIPALITY (MUNICIPALITY_ID,MUNICIPALITY_NAME,FEE_MOVE,FEE_MOVE_OUT,FEE_MOVE_IN) VALUES(989,'Thörigen',30,0,10);
INSERT INTO MUNICIPALITY (MUNICIPALITY_ID,MUNICIPALITY_NAME,FEE_MOVE,FEE_MOVE_OUT,FEE_MOVE_IN) VALUES(990,'Walliswil bei Niederbipp',10,0,20);
INSERT INTO MUNICIPALITY (MUNICIPALITY_ID,MUNICIPALITY_NAME,FEE_MOVE,FEE_MOVE_OUT,FEE_MOVE_IN) VALUES(991,'Walliswil bei Wangen',10,30,20);
INSERT INTO MUNICIPALITY (MUNICIPALITY_ID,MUNICIPALITY_NAME,FEE_MOVE,FEE_MOVE_OUT,FEE_MOVE_IN) VALUES(992,'Wangen an der Aare',20,10,20);
INSERT INTO MUNICIPALITY (MUNICIPALITY_ID,MUNICIPALITY_NAME,FEE_MOVE,FEE_MOVE_OUT,FEE_MOVE_IN) VALUES(993,'Wangenried',30,30,20);
INSERT INTO MUNICIPALITY (MUNICIPALITY_ID,MUNICIPALITY_NAME,FEE_MOVE,FEE_MOVE_OUT,FEE_MOVE_IN) VALUES(995,'Wiedlisbach',10,30,10);
INSERT INTO MUNICIPALITY (MUNICIPALITY_ID,MUNICIPALITY_NAME,FEE_MOVE,FEE_MOVE_OUT,FEE_MOVE_IN) VALUES(996,'Wolfisberg',20,0,0);

/*INSERTS MUNICIPALITY_DOCUMENT_RELATION */



INSERT INTO MUNICIPALITY_DOCUMENT_RELATION (MUNICIPALITY_DOCUMENT_ID, MUNICIPALITY_ID, DOCUMENT_ID, MARRIAGE_CONDITION, CHILDREN_CONDITION, STRANGER_CONDITION) VALUES(1, 305, 1, 'Y', 'N', 'N');
INSERT INTO MUNICIPALITY_DOCUMENT_RELATION (MUNICIPALITY_DOCUMENT_ID, MUNICIPALITY_ID, DOCUMENT_ID, MARRIAGE_CONDITION, CHILDREN_CONDITION, STRANGER_CONDITION) VALUES(2, 306, 1, 'Y', 'N', 'N');
INSERT INTO MUNICIPALITY_DOCUMENT_RELATION (MUNICIPALITY_DOCUMENT_ID, MUNICIPALITY_ID, DOCUMENT_ID, MARRIAGE_CONDITION, CHILDREN_CONDITION, STRANGER_CONDITION) VALUES(3, 307, 1, 'Y', 'N', 'N');
INSERT INTO MUNICIPALITY_DOCUMENT_RELATION (MUNICIPALITY_DOCUMENT_ID, MUNICIPALITY_ID, DOCUMENT_ID, MARRIAGE_CONDITION, CHILDREN_CONDITION, STRANGER_CONDITION) VALUES(4, 309, 1, 'Y', 'N', 'N');
INSERT INTO MUNICIPALITY_DOCUMENT_RELATION (MUNICIPALITY_DOCUMENT_ID, MUNICIPALITY_ID, DOCUMENT_ID, MARRIAGE_CONDITION, CHILDREN_CONDITION, STRANGER_CONDITION) VALUES(5, 310, 1, 'Y', 'N', 'N');
INSERT INTO MUNICIPALITY_DOCUMENT_RELATION (MUNICIPALITY_DOCUMENT_ID, MUNICIPALITY_ID, DOCUMENT_ID, MARRIAGE_CONDITION, CHILDREN_CONDITION, STRANGER_CONDITION) VALUES(6, 311, 1, 'Y', 'N', 'N');
INSERT INTO MUNICIPALITY_DOCUMENT_RELATION (MUNICIPALITY_DOCUMENT_ID, MUNICIPALITY_ID, DOCUMENT_ID, MARRIAGE_CONDITION, CHILDREN_CONDITION, STRANGER_CONDITION) VALUES(7, 312, 1, 'Y', 'N', 'N');
INSERT INTO MUNICIPALITY_DOCUMENT_RELATION (MUNICIPALITY_DOCUMENT_ID, MUNICIPALITY_ID, DOCUMENT_ID, MARRIAGE_CONDITION, CHILDREN_CONDITION, STRANGER_CONDITION) VALUES(8, 321, 1, 'Y', 'N', 'N');




INSERT INTO MUNICIPALITY_DOCUMENT_RELATION (MUNICIPALITY_DOCUMENT_ID, MUNICIPALITY_ID, DOCUMENT_ID, MARRIAGE_CONDITION, CHILDREN_CONDITION, STRANGER_CONDITION) VALUES(9, 326, 1, 'Y', 'N', 'N');
INSERT INTO MUNICIPALITY_DOCUMENT_RELATION (MUNICIPALITY_DOCUMENT_ID, MUNICIPALITY_ID, DOCUMENT_ID, MARRIAGE_CONDITION, CHILDREN_CONDITION, STRANGER_CONDITION) VALUES(10, 329, 1, 'Y', 'N', 'N');
INSERT INTO MUNICIPALITY_DOCUMENT_RELATION (MUNICIPALITY_DOCUMENT_ID, MUNICIPALITY_ID, DOCUMENT_ID, MARRIAGE_CONDITION, CHILDREN_CONDITION, STRANGER_CONDITION) VALUES(11, 331, 1, 'Y', 'N', 'N');
INSERT INTO MUNICIPALITY_DOCUMENT_RELATION (MUNICIPALITY_DOCUMENT_ID, MUNICIPALITY_ID, DOCUMENT_ID, MARRIAGE_CONDITION, CHILDREN_CONDITION, STRANGER_CONDITION) VALUES(12, 332, 1, 'Y', 'N', 'N');
INSERT INTO MUNICIPALITY_DOCUMENT_RELATION (MUNICIPALITY_DOCUMENT_ID, MUNICIPALITY_ID, DOCUMENT_ID, MARRIAGE_CONDITION, CHILDREN_CONDITION, STRANGER_CONDITION) VALUES(13, 333, 1, 'Y', 'N', 'N');
INSERT INTO MUNICIPALITY_DOCUMENT_RELATION (MUNICIPALITY_DOCUMENT_ID, MUNICIPALITY_ID, DOCUMENT_ID, MARRIAGE_CONDITION, CHILDREN_CONDITION, STRANGER_CONDITION) VALUES(14, 334, 1, 'Y', 'N', 'N');
INSERT INTO MUNICIPALITY_DOCUMENT_RELATION (MUNICIPALITY_DOCUMENT_ID, MUNICIPALITY_ID, DOCUMENT_ID, MARRIAGE_CONDITION, CHILDREN_CONDITION, STRANGER_CONDITION) VALUES(15, 335, 1, 'Y', 'N', 'N');
INSERT INTO MUNICIPALITY_DOCUMENT_RELATION (MUNICIPALITY_DOCUMENT_ID, MUNICIPALITY_ID, DOCUMENT_ID, MARRIAGE_CONDITION, CHILDREN_CONDITION, STRANGER_CONDITION) VALUES(16, 336, 1, 'Y', 'N', 'N');




INSERT INTO MUNICIPALITY_DOCUMENT_RELATION (MUNICIPALITY_DOCUMENT_ID, MUNICIPALITY_ID, DOCUMENT_ID, MARRIAGE_CONDITION, CHILDREN_CONDITION, STRANGER_CONDITION) VALUES(17, 341, 1, 'Y', 'N', 'N');
INSERT INTO MUNICIPALITY_DOCUMENT_RELATION (MUNICIPALITY_DOCUMENT_ID, MUNICIPALITY_ID, DOCUMENT_ID, MARRIAGE_CONDITION, CHILDREN_CONDITION, STRANGER_CONDITION) VALUES(18, 342, 1, 'Y', 'N', 'N');
INSERT INTO MUNICIPALITY_DOCUMENT_RELATION (MUNICIPALITY_DOCUMENT_ID, MUNICIPALITY_ID, DOCUMENT_ID, MARRIAGE_CONDITION, CHILDREN_CONDITION, STRANGER_CONDITION) VALUES(19, 344, 1, 'Y', 'N', 'N');
INSERT INTO MUNICIPALITY_DOCUMENT_RELATION (MUNICIPALITY_DOCUMENT_ID, MUNICIPALITY_ID, DOCUMENT_ID, MARRIAGE_CONDITION, CHILDREN_CONDITION, STRANGER_CONDITION) VALUES(20, 345, 1, 'Y', 'N', 'N');
INSERT INTO MUNICIPALITY_DOCUMENT_RELATION (MUNICIPALITY_DOCUMENT_ID, MUNICIPALITY_ID, DOCUMENT_ID, MARRIAGE_CONDITION, CHILDREN_CONDITION, STRANGER_CONDITION) VALUES(21, 351, 1, 'Y', 'N', 'N');
INSERT INTO MUNICIPALITY_DOCUMENT_RELATION (MUNICIPALITY_DOCUMENT_ID, MUNICIPALITY_ID, DOCUMENT_ID, MARRIAGE_CONDITION, CHILDREN_CONDITION, STRANGER_CONDITION) VALUES(22, 352, 1, 'Y', 'N', 'N');
INSERT INTO MUNICIPALITY_DOCUMENT_RELATION (MUNICIPALITY_DOCUMENT_ID, MUNICIPALITY_ID, DOCUMENT_ID, MARRIAGE_CONDITION, CHILDREN_CONDITION, STRANGER_CONDITION) VALUES(23, 353, 1, 'Y', 'N', 'N');
INSERT INTO MUNICIPALITY_DOCUMENT_RELATION (MUNICIPALITY_DOCUMENT_ID, MUNICIPALITY_ID, DOCUMENT_ID, MARRIAGE_CONDITION, CHILDREN_CONDITION, STRANGER_CONDITION) VALUES(24, 354, 1, 'Y', 'N', 'N');




INSERT INTO MUNICIPALITY_DOCUMENT_RELATION (MUNICIPALITY_DOCUMENT_ID, MUNICIPALITY_ID, DOCUMENT_ID, MARRIAGE_CONDITION, CHILDREN_CONDITION, STRANGER_CONDITION) VALUES(25, 359, 1, 'Y', 'N', 'N');
INSERT INTO MUNICIPALITY_DOCUMENT_RELATION (MUNICIPALITY_DOCUMENT_ID, MUNICIPALITY_ID, DOCUMENT_ID, MARRIAGE_CONDITION, CHILDREN_CONDITION, STRANGER_CONDITION) VALUES(26, 360, 1, 'Y', 'N', 'N');
INSERT INTO MUNICIPALITY_DOCUMENT_RELATION (MUNICIPALITY_DOCUMENT_ID, MUNICIPALITY_ID, DOCUMENT_ID, MARRIAGE_CONDITION, CHILDREN_CONDITION, STRANGER_CONDITION) VALUES(27, 361, 1, 'Y', 'N', 'N');
INSERT INTO MUNICIPALITY_DOCUMENT_RELATION (MUNICIPALITY_DOCUMENT_ID, MUNICIPALITY_ID, DOCUMENT_ID, MARRIAGE_CONDITION, CHILDREN_CONDITION, STRANGER_CONDITION) VALUES(28, 362, 1, 'Y', 'N', 'N');
INSERT INTO MUNICIPALITY_DOCUMENT_RELATION (MUNICIPALITY_DOCUMENT_ID, MUNICIPALITY_ID, DOCUMENT_ID, MARRIAGE_CONDITION, CHILDREN_CONDITION, STRANGER_CONDITION) VALUES(29, 363, 1, 'Y', 'N', 'N');
INSERT INTO MUNICIPALITY_DOCUMENT_RELATION (MUNICIPALITY_DOCUMENT_ID, MUNICIPALITY_ID, DOCUMENT_ID, MARRIAGE_CONDITION, CHILDREN_CONDITION, STRANGER_CONDITION) VALUES(30, 371, 1, 'Y', 'N', 'N');
INSERT INTO MUNICIPALITY_DOCUMENT_RELATION (MUNICIPALITY_DOCUMENT_ID, MUNICIPALITY_ID, DOCUMENT_ID, MARRIAGE_CONDITION, CHILDREN_CONDITION, STRANGER_CONDITION) VALUES(31, 372, 1, 'Y', 'N', 'N');
INSERT INTO MUNICIPALITY_DOCUMENT_RELATION (MUNICIPALITY_DOCUMENT_ID, MUNICIPALITY_ID, DOCUMENT_ID, MARRIAGE_CONDITION, CHILDREN_CONDITION, STRANGER_CONDITION) VALUES(32, 381, 1, 'Y', 'N', 'N');




INSERT INTO MUNICIPALITY_DOCUMENT_RELATION (MUNICIPALITY_DOCUMENT_ID, MUNICIPALITY_ID, DOCUMENT_ID, MARRIAGE_CONDITION, CHILDREN_CONDITION, STRANGER_CONDITION) VALUES(33, 387, 1, 'Y', 'N', 'N');
INSERT INTO MUNICIPALITY_DOCUMENT_RELATION (MUNICIPALITY_DOCUMENT_ID, MUNICIPALITY_ID, DOCUMENT_ID, MARRIAGE_CONDITION, CHILDREN_CONDITION, STRANGER_CONDITION) VALUES(34, 388, 1, 'Y', 'N', 'N');
INSERT INTO MUNICIPALITY_DOCUMENT_RELATION (MUNICIPALITY_DOCUMENT_ID, MUNICIPALITY_ID, DOCUMENT_ID, MARRIAGE_CONDITION, CHILDREN_CONDITION, STRANGER_CONDITION) VALUES(35, 389, 1, 'Y', 'N', 'N');
INSERT INTO MUNICIPALITY_DOCUMENT_RELATION (MUNICIPALITY_DOCUMENT_ID, MUNICIPALITY_ID, DOCUMENT_ID, MARRIAGE_CONDITION, CHILDREN_CONDITION, STRANGER_CONDITION) VALUES(36, 390, 1, 'Y', 'N', 'N');
INSERT INTO MUNICIPALITY_DOCUMENT_RELATION (MUNICIPALITY_DOCUMENT_ID, MUNICIPALITY_ID, DOCUMENT_ID, MARRIAGE_CONDITION, CHILDREN_CONDITION, STRANGER_CONDITION) VALUES(37, 391, 1, 'Y', 'N', 'N');
INSERT INTO MUNICIPALITY_DOCUMENT_RELATION (MUNICIPALITY_DOCUMENT_ID, MUNICIPALITY_ID, DOCUMENT_ID, MARRIAGE_CONDITION, CHILDREN_CONDITION, STRANGER_CONDITION) VALUES(38, 392, 1, 'Y', 'N', 'N');
INSERT INTO MUNICIPALITY_DOCUMENT_RELATION (MUNICIPALITY_DOCUMENT_ID, MUNICIPALITY_ID, DOCUMENT_ID, MARRIAGE_CONDITION, CHILDREN_CONDITION, STRANGER_CONDITION) VALUES(39, 393, 1, 'Y', 'N', 'N');
INSERT INTO MUNICIPALITY_DOCUMENT_RELATION (MUNICIPALITY_DOCUMENT_ID, MUNICIPALITY_ID, DOCUMENT_ID, MARRIAGE_CONDITION, CHILDREN_CONDITION, STRANGER_CONDITION) VALUES(40, 394, 1, 'Y', 'N', 'N');




INSERT INTO MUNICIPALITY_DOCUMENT_RELATION (MUNICIPALITY_DOCUMENT_ID, MUNICIPALITY_ID, DOCUMENT_ID, MARRIAGE_CONDITION, CHILDREN_CONDITION, STRANGER_CONDITION) VALUES(41, 405, 1, 'Y', 'N', 'N');
INSERT INTO MUNICIPALITY_DOCUMENT_RELATION (MUNICIPALITY_DOCUMENT_ID, MUNICIPALITY_ID, DOCUMENT_ID, MARRIAGE_CONDITION, CHILDREN_CONDITION, STRANGER_CONDITION) VALUES(42, 406, 1, 'Y', 'N', 'N');
INSERT INTO MUNICIPALITY_DOCUMENT_RELATION (MUNICIPALITY_DOCUMENT_ID, MUNICIPALITY_ID, DOCUMENT_ID, MARRIAGE_CONDITION, CHILDREN_CONDITION, STRANGER_CONDITION) VALUES(43, 407, 1, 'Y', 'N', 'N');
INSERT INTO MUNICIPALITY_DOCUMENT_RELATION (MUNICIPALITY_DOCUMENT_ID, MUNICIPALITY_ID, DOCUMENT_ID, MARRIAGE_CONDITION, CHILDREN_CONDITION, STRANGER_CONDITION) VALUES(44, 408, 1, 'Y', 'N', 'N');
INSERT INTO MUNICIPALITY_DOCUMENT_RELATION (MUNICIPALITY_DOCUMENT_ID, MUNICIPALITY_ID, DOCUMENT_ID, MARRIAGE_CONDITION, CHILDREN_CONDITION, STRANGER_CONDITION) VALUES(45, 409, 1, 'Y', 'N', 'N');
INSERT INTO MUNICIPALITY_DOCUMENT_RELATION (MUNICIPALITY_DOCUMENT_ID, MUNICIPALITY_ID, DOCUMENT_ID, MARRIAGE_CONDITION, CHILDREN_CONDITION, STRANGER_CONDITION) VALUES(46, 410, 1, 'Y', 'N', 'N');
INSERT INTO MUNICIPALITY_DOCUMENT_RELATION (MUNICIPALITY_DOCUMENT_ID, MUNICIPALITY_ID, DOCUMENT_ID, MARRIAGE_CONDITION, CHILDREN_CONDITION, STRANGER_CONDITION) VALUES(47, 411, 1, 'Y', 'N', 'N');
INSERT INTO MUNICIPALITY_DOCUMENT_RELATION (MUNICIPALITY_DOCUMENT_ID, MUNICIPALITY_ID, DOCUMENT_ID, MARRIAGE_CONDITION, CHILDREN_CONDITION, STRANGER_CONDITION) VALUES(48, 412, 1, 'Y', 'N', 'N');




INSERT INTO MUNICIPALITY_DOCUMENT_RELATION (MUNICIPALITY_DOCUMENT_ID, MUNICIPALITY_ID, DOCUMENT_ID, MARRIAGE_CONDITION, CHILDREN_CONDITION, STRANGER_CONDITION) VALUES(49, 418, 1, 'Y', 'N', 'N');
INSERT INTO MUNICIPALITY_DOCUMENT_RELATION (MUNICIPALITY_DOCUMENT_ID, MUNICIPALITY_ID, DOCUMENT_ID, MARRIAGE_CONDITION, CHILDREN_CONDITION, STRANGER_CONDITION) VALUES(50, 420, 1, 'Y', 'N', 'N');
INSERT INTO MUNICIPALITY_DOCUMENT_RELATION (MUNICIPALITY_DOCUMENT_ID, MUNICIPALITY_ID, DOCUMENT_ID, MARRIAGE_CONDITION, CHILDREN_CONDITION, STRANGER_CONDITION) VALUES(51, 421, 1, 'Y', 'N', 'N');
INSERT INTO MUNICIPALITY_DOCUMENT_RELATION (MUNICIPALITY_DOCUMENT_ID, MUNICIPALITY_ID, DOCUMENT_ID, MARRIAGE_CONDITION, CHILDREN_CONDITION, STRANGER_CONDITION) VALUES(52, 422, 1, 'Y', 'N', 'N');
INSERT INTO MUNICIPALITY_DOCUMENT_RELATION (MUNICIPALITY_DOCUMENT_ID, MUNICIPALITY_ID, DOCUMENT_ID, MARRIAGE_CONDITION, CHILDREN_CONDITION, STRANGER_CONDITION) VALUES(53, 423, 1, 'Y', 'N', 'N');
INSERT INTO MUNICIPALITY_DOCUMENT_RELATION (MUNICIPALITY_DOCUMENT_ID, MUNICIPALITY_ID, DOCUMENT_ID, MARRIAGE_CONDITION, CHILDREN_CONDITION, STRANGER_CONDITION) VALUES(54, 424, 1, 'Y', 'N', 'N');
INSERT INTO MUNICIPALITY_DOCUMENT_RELATION (MUNICIPALITY_DOCUMENT_ID, MUNICIPALITY_ID, DOCUMENT_ID, MARRIAGE_CONDITION, CHILDREN_CONDITION, STRANGER_CONDITION) VALUES(55, 431, 1, 'Y', 'N', 'N');
INSERT INTO MUNICIPALITY_DOCUMENT_RELATION (MUNICIPALITY_DOCUMENT_ID, MUNICIPALITY_ID, DOCUMENT_ID, MARRIAGE_CONDITION, CHILDREN_CONDITION, STRANGER_CONDITION) VALUES(56, 432, 1, 'Y', 'N', 'N');




INSERT INTO MUNICIPALITY_DOCUMENT_RELATION (MUNICIPALITY_DOCUMENT_ID, MUNICIPALITY_ID, DOCUMENT_ID, MARRIAGE_CONDITION, CHILDREN_CONDITION, STRANGER_CONDITION) VALUES(57, 438, 1, 'Y', 'N', 'N');
INSERT INTO MUNICIPALITY_DOCUMENT_RELATION (MUNICIPALITY_DOCUMENT_ID, MUNICIPALITY_ID, DOCUMENT_ID, MARRIAGE_CONDITION, CHILDREN_CONDITION, STRANGER_CONDITION) VALUES(58, 441, 1, 'Y', 'N', 'N');
INSERT INTO MUNICIPALITY_DOCUMENT_RELATION (MUNICIPALITY_DOCUMENT_ID, MUNICIPALITY_ID, DOCUMENT_ID, MARRIAGE_CONDITION, CHILDREN_CONDITION, STRANGER_CONDITION) VALUES(59, 442, 1, 'Y', 'N', 'N');
INSERT INTO MUNICIPALITY_DOCUMENT_RELATION (MUNICIPALITY_DOCUMENT_ID, MUNICIPALITY_ID, DOCUMENT_ID, MARRIAGE_CONDITION, CHILDREN_CONDITION, STRANGER_CONDITION) VALUES(60, 443, 1, 'Y', 'N', 'N');
INSERT INTO MUNICIPALITY_DOCUMENT_RELATION (MUNICIPALITY_DOCUMENT_ID, MUNICIPALITY_ID, DOCUMENT_ID, MARRIAGE_CONDITION, CHILDREN_CONDITION, STRANGER_CONDITION) VALUES(61, 444, 1, 'Y', 'N', 'N');
INSERT INTO MUNICIPALITY_DOCUMENT_RELATION (MUNICIPALITY_DOCUMENT_ID, MUNICIPALITY_ID, DOCUMENT_ID, MARRIAGE_CONDITION, CHILDREN_CONDITION, STRANGER_CONDITION) VALUES(62, 445, 1, 'Y', 'N', 'N');
INSERT INTO MUNICIPALITY_DOCUMENT_RELATION (MUNICIPALITY_DOCUMENT_ID, MUNICIPALITY_ID, DOCUMENT_ID, MARRIAGE_CONDITION, CHILDREN_CONDITION, STRANGER_CONDITION) VALUES(63, 446, 1, 'Y', 'N', 'N');
INSERT INTO MUNICIPALITY_DOCUMENT_RELATION (MUNICIPALITY_DOCUMENT_ID, MUNICIPALITY_ID, DOCUMENT_ID, MARRIAGE_CONDITION, CHILDREN_CONDITION, STRANGER_CONDITION) VALUES(64, 448, 1, 'Y', 'N', 'N');




INSERT INTO MUNICIPALITY_DOCUMENT_RELATION (MUNICIPALITY_DOCUMENT_ID, MUNICIPALITY_ID, DOCUMENT_ID, MARRIAGE_CONDITION, CHILDREN_CONDITION, STRANGER_CONDITION) VALUES(65, 493, 1, 'Y', 'N', 'N');
INSERT INTO MUNICIPALITY_DOCUMENT_RELATION (MUNICIPALITY_DOCUMENT_ID, MUNICIPALITY_ID, DOCUMENT_ID, MARRIAGE_CONDITION, CHILDREN_CONDITION, STRANGER_CONDITION) VALUES(66, 494, 1, 'Y', 'N', 'N');
INSERT INTO MUNICIPALITY_DOCUMENT_RELATION (MUNICIPALITY_DOCUMENT_ID, MUNICIPALITY_ID, DOCUMENT_ID, MARRIAGE_CONDITION, CHILDREN_CONDITION, STRANGER_CONDITION) VALUES(67, 495, 1, 'Y', 'N', 'N');
INSERT INTO MUNICIPALITY_DOCUMENT_RELATION (MUNICIPALITY_DOCUMENT_ID, MUNICIPALITY_ID, DOCUMENT_ID, MARRIAGE_CONDITION, CHILDREN_CONDITION, STRANGER_CONDITION) VALUES(68, 496, 1, 'Y', 'N', 'N');
INSERT INTO MUNICIPALITY_DOCUMENT_RELATION (MUNICIPALITY_DOCUMENT_ID, MUNICIPALITY_ID, DOCUMENT_ID, MARRIAGE_CONDITION, CHILDREN_CONDITION, STRANGER_CONDITION) VALUES(69, 497, 1, 'Y', 'N', 'N');
INSERT INTO MUNICIPALITY_DOCUMENT_RELATION (MUNICIPALITY_DOCUMENT_ID, MUNICIPALITY_ID, DOCUMENT_ID, MARRIAGE_CONDITION, CHILDREN_CONDITION, STRANGER_CONDITION) VALUES(70, 498, 1, 'Y', 'N', 'N');
INSERT INTO MUNICIPALITY_DOCUMENT_RELATION (MUNICIPALITY_DOCUMENT_ID, MUNICIPALITY_ID, DOCUMENT_ID, MARRIAGE_CONDITION, CHILDREN_CONDITION, STRANGER_CONDITION) VALUES(71, 499, 1, 'Y', 'N', 'N');
INSERT INTO MUNICIPALITY_DOCUMENT_RELATION (MUNICIPALITY_DOCUMENT_ID, MUNICIPALITY_ID, DOCUMENT_ID, MARRIAGE_CONDITION, CHILDREN_CONDITION, STRANGER_CONDITION) VALUES(72, 500, 1, 'Y', 'N', 'N');




INSERT INTO MUNICIPALITY_DOCUMENT_RELATION (MUNICIPALITY_DOCUMENT_ID, MUNICIPALITY_ID, DOCUMENT_ID, MARRIAGE_CONDITION, CHILDREN_CONDITION, STRANGER_CONDITION) VALUES(73, 536, 1, 'Y', 'N', 'N');
INSERT INTO MUNICIPALITY_DOCUMENT_RELATION (MUNICIPALITY_DOCUMENT_ID, MUNICIPALITY_ID, DOCUMENT_ID, MARRIAGE_CONDITION, CHILDREN_CONDITION, STRANGER_CONDITION) VALUES(74, 538, 1, 'Y', 'N', 'N');
INSERT INTO MUNICIPALITY_DOCUMENT_RELATION (MUNICIPALITY_DOCUMENT_ID, MUNICIPALITY_ID, DOCUMENT_ID, MARRIAGE_CONDITION, CHILDREN_CONDITION, STRANGER_CONDITION) VALUES(75, 540, 1, 'Y', 'N', 'N');
INSERT INTO MUNICIPALITY_DOCUMENT_RELATION (MUNICIPALITY_DOCUMENT_ID, MUNICIPALITY_ID, DOCUMENT_ID, MARRIAGE_CONDITION, CHILDREN_CONDITION, STRANGER_CONDITION) VALUES(76, 541, 1, 'Y', 'N', 'N');
INSERT INTO MUNICIPALITY_DOCUMENT_RELATION (MUNICIPALITY_DOCUMENT_ID, MUNICIPALITY_ID, DOCUMENT_ID, MARRIAGE_CONDITION, CHILDREN_CONDITION, STRANGER_CONDITION) VALUES(77, 543, 1, 'Y', 'N', 'N');
INSERT INTO MUNICIPALITY_DOCUMENT_RELATION (MUNICIPALITY_DOCUMENT_ID, MUNICIPALITY_ID, DOCUMENT_ID, MARRIAGE_CONDITION, CHILDREN_CONDITION, STRANGER_CONDITION) VALUES(78, 544, 1, 'Y', 'N', 'N');
INSERT INTO MUNICIPALITY_DOCUMENT_RELATION (MUNICIPALITY_DOCUMENT_ID, MUNICIPALITY_ID, DOCUMENT_ID, MARRIAGE_CONDITION, CHILDREN_CONDITION, STRANGER_CONDITION) VALUES(79, 546, 1, 'Y', 'N', 'N');
INSERT INTO MUNICIPALITY_DOCUMENT_RELATION (MUNICIPALITY_DOCUMENT_ID, MUNICIPALITY_ID, DOCUMENT_ID, MARRIAGE_CONDITION, CHILDREN_CONDITION, STRANGER_CONDITION) VALUES(80, 551, 1, 'Y', 'N', 'N');




INSERT INTO MUNICIPALITY_DOCUMENT_RELATION (MUNICIPALITY_DOCUMENT_ID, MUNICIPALITY_ID, DOCUMENT_ID, MARRIAGE_CONDITION, CHILDREN_CONDITION, STRANGER_CONDITION) VALUES(81, 557, 1, 'Y', 'N', 'N');
INSERT INTO MUNICIPALITY_DOCUMENT_RELATION (MUNICIPALITY_DOCUMENT_ID, MUNICIPALITY_ID, DOCUMENT_ID, MARRIAGE_CONDITION, CHILDREN_CONDITION, STRANGER_CONDITION) VALUES(82, 561, 1, 'Y', 'N', 'N');
INSERT INTO MUNICIPALITY_DOCUMENT_RELATION (MUNICIPALITY_DOCUMENT_ID, MUNICIPALITY_ID, DOCUMENT_ID, MARRIAGE_CONDITION, CHILDREN_CONDITION, STRANGER_CONDITION) VALUES(83, 562, 1, 'Y', 'N', 'N');
INSERT INTO MUNICIPALITY_DOCUMENT_RELATION (MUNICIPALITY_DOCUMENT_ID, MUNICIPALITY_ID, DOCUMENT_ID, MARRIAGE_CONDITION, CHILDREN_CONDITION, STRANGER_CONDITION) VALUES(84, 563, 1, 'Y', 'N', 'N');
INSERT INTO MUNICIPALITY_DOCUMENT_RELATION (MUNICIPALITY_DOCUMENT_ID, MUNICIPALITY_ID, DOCUMENT_ID, MARRIAGE_CONDITION, CHILDREN_CONDITION, STRANGER_CONDITION) VALUES(85, 564, 1, 'Y', 'N', 'N');
INSERT INTO MUNICIPALITY_DOCUMENT_RELATION (MUNICIPALITY_DOCUMENT_ID, MUNICIPALITY_ID, DOCUMENT_ID, MARRIAGE_CONDITION, CHILDREN_CONDITION, STRANGER_CONDITION) VALUES(86, 565, 1, 'Y', 'N', 'N');
INSERT INTO MUNICIPALITY_DOCUMENT_RELATION (MUNICIPALITY_DOCUMENT_ID, MUNICIPALITY_ID, DOCUMENT_ID, MARRIAGE_CONDITION, CHILDREN_CONDITION, STRANGER_CONDITION) VALUES(87, 566, 1, 'Y', 'N', 'N');
INSERT INTO MUNICIPALITY_DOCUMENT_RELATION (MUNICIPALITY_DOCUMENT_ID, MUNICIPALITY_ID, DOCUMENT_ID, MARRIAGE_CONDITION, CHILDREN_CONDITION, STRANGER_CONDITION) VALUES(88, 567, 1, 'Y', 'N', 'N');




INSERT INTO MUNICIPALITY_DOCUMENT_RELATION (MUNICIPALITY_DOCUMENT_ID, MUNICIPALITY_ID, DOCUMENT_ID, MARRIAGE_CONDITION, CHILDREN_CONDITION, STRANGER_CONDITION) VALUES(89, 575, 1, 'Y', 'N', 'N');
INSERT INTO MUNICIPALITY_DOCUMENT_RELATION (MUNICIPALITY_DOCUMENT_ID, MUNICIPALITY_ID, DOCUMENT_ID, MARRIAGE_CONDITION, CHILDREN_CONDITION, STRANGER_CONDITION) VALUES(90, 576, 1, 'Y', 'N', 'N');
INSERT INTO MUNICIPALITY_DOCUMENT_RELATION (MUNICIPALITY_DOCUMENT_ID, MUNICIPALITY_ID, DOCUMENT_ID, MARRIAGE_CONDITION, CHILDREN_CONDITION, STRANGER_CONDITION) VALUES(91, 577, 1, 'Y', 'N', 'N');
INSERT INTO MUNICIPALITY_DOCUMENT_RELATION (MUNICIPALITY_DOCUMENT_ID, MUNICIPALITY_ID, DOCUMENT_ID, MARRIAGE_CONDITION, CHILDREN_CONDITION, STRANGER_CONDITION) VALUES(92, 578, 1, 'Y', 'N', 'N');
INSERT INTO MUNICIPALITY_DOCUMENT_RELATION (MUNICIPALITY_DOCUMENT_ID, MUNICIPALITY_ID, DOCUMENT_ID, MARRIAGE_CONDITION, CHILDREN_CONDITION, STRANGER_CONDITION) VALUES(93, 579, 1, 'Y', 'N', 'N');
INSERT INTO MUNICIPALITY_DOCUMENT_RELATION (MUNICIPALITY_DOCUMENT_ID, MUNICIPALITY_ID, DOCUMENT_ID, MARRIAGE_CONDITION, CHILDREN_CONDITION, STRANGER_CONDITION) VALUES(94, 580, 1, 'Y', 'N', 'N');
INSERT INTO MUNICIPALITY_DOCUMENT_RELATION (MUNICIPALITY_DOCUMENT_ID, MUNICIPALITY_ID, DOCUMENT_ID, MARRIAGE_CONDITION, CHILDREN_CONDITION, STRANGER_CONDITION) VALUES(95, 581, 1, 'Y', 'N', 'N');
INSERT INTO MUNICIPALITY_DOCUMENT_RELATION (MUNICIPALITY_DOCUMENT_ID, MUNICIPALITY_ID, DOCUMENT_ID, MARRIAGE_CONDITION, CHILDREN_CONDITION, STRANGER_CONDITION) VALUES(96, 582, 1, 'Y', 'N', 'N');




INSERT INTO MUNICIPALITY_DOCUMENT_RELATION (MUNICIPALITY_DOCUMENT_ID, MUNICIPALITY_ID, DOCUMENT_ID, MARRIAGE_CONDITION, CHILDREN_CONDITION, STRANGER_CONDITION) VALUES(97, 588, 1, 'Y', 'N', 'N');
INSERT INTO MUNICIPALITY_DOCUMENT_RELATION (MUNICIPALITY_DOCUMENT_ID, MUNICIPALITY_ID, DOCUMENT_ID, MARRIAGE_CONDITION, CHILDREN_CONDITION, STRANGER_CONDITION) VALUES(98, 589, 1, 'Y', 'N', 'N');
INSERT INTO MUNICIPALITY_DOCUMENT_RELATION (MUNICIPALITY_DOCUMENT_ID, MUNICIPALITY_ID, DOCUMENT_ID, MARRIAGE_CONDITION, CHILDREN_CONDITION, STRANGER_CONDITION) VALUES(99, 590, 1, 'Y', 'N', 'N');
INSERT INTO MUNICIPALITY_DOCUMENT_RELATION (MUNICIPALITY_DOCUMENT_ID, MUNICIPALITY_ID, DOCUMENT_ID, MARRIAGE_CONDITION, CHILDREN_CONDITION, STRANGER_CONDITION) VALUES(100, 591, 1, 'Y', 'N', 'N');
INSERT INTO MUNICIPALITY_DOCUMENT_RELATION (MUNICIPALITY_DOCUMENT_ID, MUNICIPALITY_ID, DOCUMENT_ID, MARRIAGE_CONDITION, CHILDREN_CONDITION, STRANGER_CONDITION) VALUES(101, 592, 1, 'Y', 'N', 'N');
INSERT INTO MUNICIPALITY_DOCUMENT_RELATION (MUNICIPALITY_DOCUMENT_ID, MUNICIPALITY_ID, DOCUMENT_ID, MARRIAGE_CONDITION, CHILDREN_CONDITION, STRANGER_CONDITION) VALUES(102, 593, 1, 'Y', 'N', 'N');
INSERT INTO MUNICIPALITY_DOCUMENT_RELATION (MUNICIPALITY_DOCUMENT_ID, MUNICIPALITY_ID, DOCUMENT_ID, MARRIAGE_CONDITION, CHILDREN_CONDITION, STRANGER_CONDITION) VALUES(103, 594, 1, 'Y', 'N', 'N');
INSERT INTO MUNICIPALITY_DOCUMENT_RELATION (MUNICIPALITY_DOCUMENT_ID, MUNICIPALITY_ID, DOCUMENT_ID, MARRIAGE_CONDITION, CHILDREN_CONDITION, STRANGER_CONDITION) VALUES(104, 602, 1, 'Y', 'N', 'N');




INSERT INTO MUNICIPALITY_DOCUMENT_RELATION (MUNICIPALITY_DOCUMENT_ID, MUNICIPALITY_ID, DOCUMENT_ID, MARRIAGE_CONDITION, CHILDREN_CONDITION, STRANGER_CONDITION) VALUES(105, 608, 1, 'Y', 'N', 'N');
INSERT INTO MUNICIPALITY_DOCUMENT_RELATION (MUNICIPALITY_DOCUMENT_ID, MUNICIPALITY_ID, DOCUMENT_ID, MARRIAGE_CONDITION, CHILDREN_CONDITION, STRANGER_CONDITION) VALUES(106, 609, 1, 'Y', 'N', 'N');
INSERT INTO MUNICIPALITY_DOCUMENT_RELATION (MUNICIPALITY_DOCUMENT_ID, MUNICIPALITY_ID, DOCUMENT_ID, MARRIAGE_CONDITION, CHILDREN_CONDITION, STRANGER_CONDITION) VALUES(107, 610, 1, 'Y', 'N', 'N');
INSERT INTO MUNICIPALITY_DOCUMENT_RELATION (MUNICIPALITY_DOCUMENT_ID, MUNICIPALITY_ID, DOCUMENT_ID, MARRIAGE_CONDITION, CHILDREN_CONDITION, STRANGER_CONDITION) VALUES(108, 611, 1, 'Y', 'N', 'N');
INSERT INTO MUNICIPALITY_DOCUMENT_RELATION (MUNICIPALITY_DOCUMENT_ID, MUNICIPALITY_ID, DOCUMENT_ID, MARRIAGE_CONDITION, CHILDREN_CONDITION, STRANGER_CONDITION) VALUES(109, 612, 1, 'Y', 'N', 'N');
INSERT INTO MUNICIPALITY_DOCUMENT_RELATION (MUNICIPALITY_DOCUMENT_ID, MUNICIPALITY_ID, DOCUMENT_ID, MARRIAGE_CONDITION, CHILDREN_CONDITION, STRANGER_CONDITION) VALUES(110, 613, 1, 'Y', 'N', 'N');
INSERT INTO MUNICIPALITY_DOCUMENT_RELATION (MUNICIPALITY_DOCUMENT_ID, MUNICIPALITY_ID, DOCUMENT_ID, MARRIAGE_CONDITION, CHILDREN_CONDITION, STRANGER_CONDITION) VALUES(111, 614, 1, 'Y', 'N', 'N');
INSERT INTO MUNICIPALITY_DOCUMENT_RELATION (MUNICIPALITY_DOCUMENT_ID, MUNICIPALITY_ID, DOCUMENT_ID, MARRIAGE_CONDITION, CHILDREN_CONDITION, STRANGER_CONDITION) VALUES(112, 615, 1, 'Y', 'N', 'N');




INSERT INTO MUNICIPALITY_DOCUMENT_RELATION (MUNICIPALITY_DOCUMENT_ID, MUNICIPALITY_ID, DOCUMENT_ID, MARRIAGE_CONDITION, CHILDREN_CONDITION, STRANGER_CONDITION) VALUES(113, 622, 1, 'Y', 'N', 'N');
INSERT INTO MUNICIPALITY_DOCUMENT_RELATION (MUNICIPALITY_DOCUMENT_ID, MUNICIPALITY_ID, DOCUMENT_ID, MARRIAGE_CONDITION, CHILDREN_CONDITION, STRANGER_CONDITION) VALUES(114, 623, 1, 'Y', 'N', 'N');
INSERT INTO MUNICIPALITY_DOCUMENT_RELATION (MUNICIPALITY_DOCUMENT_ID, MUNICIPALITY_ID, DOCUMENT_ID, MARRIAGE_CONDITION, CHILDREN_CONDITION, STRANGER_CONDITION) VALUES(115, 624, 1, 'Y', 'N', 'N');
INSERT INTO MUNICIPALITY_DOCUMENT_RELATION (MUNICIPALITY_DOCUMENT_ID, MUNICIPALITY_ID, DOCUMENT_ID, MARRIAGE_CONDITION, CHILDREN_CONDITION, STRANGER_CONDITION) VALUES(116, 626, 1, 'Y', 'N', 'N');
INSERT INTO MUNICIPALITY_DOCUMENT_RELATION (MUNICIPALITY_DOCUMENT_ID, MUNICIPALITY_ID, DOCUMENT_ID, MARRIAGE_CONDITION, CHILDREN_CONDITION, STRANGER_CONDITION) VALUES(117, 627, 1, 'Y', 'N', 'N');
INSERT INTO MUNICIPALITY_DOCUMENT_RELATION (MUNICIPALITY_DOCUMENT_ID, MUNICIPALITY_ID, DOCUMENT_ID, MARRIAGE_CONDITION, CHILDREN_CONDITION, STRANGER_CONDITION) VALUES(118, 628, 1, 'Y', 'N', 'N');
INSERT INTO MUNICIPALITY_DOCUMENT_RELATION (MUNICIPALITY_DOCUMENT_ID, MUNICIPALITY_ID, DOCUMENT_ID, MARRIAGE_CONDITION, CHILDREN_CONDITION, STRANGER_CONDITION) VALUES(119, 629, 1, 'Y', 'N', 'N');
INSERT INTO MUNICIPALITY_DOCUMENT_RELATION (MUNICIPALITY_DOCUMENT_ID, MUNICIPALITY_ID, DOCUMENT_ID, MARRIAGE_CONDITION, CHILDREN_CONDITION, STRANGER_CONDITION) VALUES(120, 630, 1, 'Y', 'N', 'N');




INSERT INTO MUNICIPALITY_DOCUMENT_RELATION (MUNICIPALITY_DOCUMENT_ID, MUNICIPALITY_ID, DOCUMENT_ID, MARRIAGE_CONDITION, CHILDREN_CONDITION, STRANGER_CONDITION) VALUES(121, 664, 1, 'Y', 'N', 'N');
INSERT INTO MUNICIPALITY_DOCUMENT_RELATION (MUNICIPALITY_DOCUMENT_ID, MUNICIPALITY_ID, DOCUMENT_ID, MARRIAGE_CONDITION, CHILDREN_CONDITION, STRANGER_CONDITION) VALUES(122, 665, 1, 'Y', 'N', 'N');
INSERT INTO MUNICIPALITY_DOCUMENT_RELATION (MUNICIPALITY_DOCUMENT_ID, MUNICIPALITY_ID, DOCUMENT_ID, MARRIAGE_CONDITION, CHILDREN_CONDITION, STRANGER_CONDITION) VALUES(123, 666, 1, 'Y', 'N', 'N');
INSERT INTO MUNICIPALITY_DOCUMENT_RELATION (MUNICIPALITY_DOCUMENT_ID, MUNICIPALITY_ID, DOCUMENT_ID, MARRIAGE_CONDITION, CHILDREN_CONDITION, STRANGER_CONDITION) VALUES(124, 667, 1, 'Y', 'N', 'N');
INSERT INTO MUNICIPALITY_DOCUMENT_RELATION (MUNICIPALITY_DOCUMENT_ID, MUNICIPALITY_ID, DOCUMENT_ID, MARRIAGE_CONDITION, CHILDREN_CONDITION, STRANGER_CONDITION) VALUES(125, 668, 1, 'Y', 'N', 'N');
INSERT INTO MUNICIPALITY_DOCUMENT_RELATION (MUNICIPALITY_DOCUMENT_ID, MUNICIPALITY_ID, DOCUMENT_ID, MARRIAGE_CONDITION, CHILDREN_CONDITION, STRANGER_CONDITION) VALUES(126, 669, 1, 'Y', 'N', 'N');
INSERT INTO MUNICIPALITY_DOCUMENT_RELATION (MUNICIPALITY_DOCUMENT_ID, MUNICIPALITY_ID, DOCUMENT_ID, MARRIAGE_CONDITION, CHILDREN_CONDITION, STRANGER_CONDITION) VALUES(127, 670, 1, 'Y', 'N', 'N');
INSERT INTO MUNICIPALITY_DOCUMENT_RELATION (MUNICIPALITY_DOCUMENT_ID, MUNICIPALITY_ID, DOCUMENT_ID, MARRIAGE_CONDITION, CHILDREN_CONDITION, STRANGER_CONDITION) VALUES(128, 671, 1, 'Y', 'N', 'N');




INSERT INTO MUNICIPALITY_DOCUMENT_RELATION (MUNICIPALITY_DOCUMENT_ID, MUNICIPALITY_ID, DOCUMENT_ID, MARRIAGE_CONDITION, CHILDREN_CONDITION, STRANGER_CONDITION) VALUES(129, 691, 1, 'Y', 'N', 'N');
INSERT INTO MUNICIPALITY_DOCUMENT_RELATION (MUNICIPALITY_DOCUMENT_ID, MUNICIPALITY_ID, DOCUMENT_ID, MARRIAGE_CONDITION, CHILDREN_CONDITION, STRANGER_CONDITION) VALUES(130, 692, 1, 'Y', 'N', 'N');
INSERT INTO MUNICIPALITY_DOCUMENT_RELATION (MUNICIPALITY_DOCUMENT_ID, MUNICIPALITY_ID, DOCUMENT_ID, MARRIAGE_CONDITION, CHILDREN_CONDITION, STRANGER_CONDITION) VALUES(131, 694, 1, 'Y', 'N', 'N');
INSERT INTO MUNICIPALITY_DOCUMENT_RELATION (MUNICIPALITY_DOCUMENT_ID, MUNICIPALITY_ID, DOCUMENT_ID, MARRIAGE_CONDITION, CHILDREN_CONDITION, STRANGER_CONDITION) VALUES(132, 696, 1, 'Y', 'N', 'N');
INSERT INTO MUNICIPALITY_DOCUMENT_RELATION (MUNICIPALITY_DOCUMENT_ID, MUNICIPALITY_ID, DOCUMENT_ID, MARRIAGE_CONDITION, CHILDREN_CONDITION, STRANGER_CONDITION) VALUES(133, 700, 1, 'Y', 'N', 'N');
INSERT INTO MUNICIPALITY_DOCUMENT_RELATION (MUNICIPALITY_DOCUMENT_ID, MUNICIPALITY_ID, DOCUMENT_ID, MARRIAGE_CONDITION, CHILDREN_CONDITION, STRANGER_CONDITION) VALUES(134, 701, 1, 'Y', 'N', 'N');
INSERT INTO MUNICIPALITY_DOCUMENT_RELATION (MUNICIPALITY_DOCUMENT_ID, MUNICIPALITY_ID, DOCUMENT_ID, MARRIAGE_CONDITION, CHILDREN_CONDITION, STRANGER_CONDITION) VALUES(135, 703, 1, 'Y', 'N', 'N');
INSERT INTO MUNICIPALITY_DOCUMENT_RELATION (MUNICIPALITY_DOCUMENT_ID, MUNICIPALITY_ID, DOCUMENT_ID, MARRIAGE_CONDITION, CHILDREN_CONDITION, STRANGER_CONDITION) VALUES(136, 704, 1, 'Y', 'N', 'N');




INSERT INTO MUNICIPALITY_DOCUMENT_RELATION (MUNICIPALITY_DOCUMENT_ID, MUNICIPALITY_ID, DOCUMENT_ID, MARRIAGE_CONDITION, CHILDREN_CONDITION, STRANGER_CONDITION) VALUES(137, 711, 1, 'Y', 'N', 'N');
INSERT INTO MUNICIPALITY_DOCUMENT_RELATION (MUNICIPALITY_DOCUMENT_ID, MUNICIPALITY_ID, DOCUMENT_ID, MARRIAGE_CONDITION, CHILDREN_CONDITION, STRANGER_CONDITION) VALUES(138, 713, 1, 'Y', 'N', 'N');
INSERT INTO MUNICIPALITY_DOCUMENT_RELATION (MUNICIPALITY_DOCUMENT_ID, MUNICIPALITY_ID, DOCUMENT_ID, MARRIAGE_CONDITION, CHILDREN_CONDITION, STRANGER_CONDITION) VALUES(139, 715, 1, 'Y', 'N', 'N');
INSERT INTO MUNICIPALITY_DOCUMENT_RELATION (MUNICIPALITY_DOCUMENT_ID, MUNICIPALITY_ID, DOCUMENT_ID, MARRIAGE_CONDITION, CHILDREN_CONDITION, STRANGER_CONDITION) VALUES(140, 716, 1, 'Y', 'N', 'N');
INSERT INTO MUNICIPALITY_DOCUMENT_RELATION (MUNICIPALITY_DOCUMENT_ID, MUNICIPALITY_ID, DOCUMENT_ID, MARRIAGE_CONDITION, CHILDREN_CONDITION, STRANGER_CONDITION) VALUES(141, 717, 1, 'Y', 'N', 'N');
INSERT INTO MUNICIPALITY_DOCUMENT_RELATION (MUNICIPALITY_DOCUMENT_ID, MUNICIPALITY_ID, DOCUMENT_ID, MARRIAGE_CONDITION, CHILDREN_CONDITION, STRANGER_CONDITION) VALUES(142, 723, 1, 'Y', 'N', 'N');
INSERT INTO MUNICIPALITY_DOCUMENT_RELATION (MUNICIPALITY_DOCUMENT_ID, MUNICIPALITY_ID, DOCUMENT_ID, MARRIAGE_CONDITION, CHILDREN_CONDITION, STRANGER_CONDITION) VALUES(143, 724, 1, 'Y', 'N', 'N');
INSERT INTO MUNICIPALITY_DOCUMENT_RELATION (MUNICIPALITY_DOCUMENT_ID, MUNICIPALITY_ID, DOCUMENT_ID, MARRIAGE_CONDITION, CHILDREN_CONDITION, STRANGER_CONDITION) VALUES(144, 726, 1, 'Y', 'N', 'N');




INSERT INTO MUNICIPALITY_DOCUMENT_RELATION (MUNICIPALITY_DOCUMENT_ID, MUNICIPALITY_ID, DOCUMENT_ID, MARRIAGE_CONDITION, CHILDREN_CONDITION, STRANGER_CONDITION) VALUES(145, 735, 1, 'Y', 'N', 'N');
INSERT INTO MUNICIPALITY_DOCUMENT_RELATION (MUNICIPALITY_DOCUMENT_ID, MUNICIPALITY_ID, DOCUMENT_ID, MARRIAGE_CONDITION, CHILDREN_CONDITION, STRANGER_CONDITION) VALUES(146, 736, 1, 'Y', 'N', 'N');
INSERT INTO MUNICIPALITY_DOCUMENT_RELATION (MUNICIPALITY_DOCUMENT_ID, MUNICIPALITY_ID, DOCUMENT_ID, MARRIAGE_CONDITION, CHILDREN_CONDITION, STRANGER_CONDITION) VALUES(147, 737, 1, 'Y', 'N', 'N');
INSERT INTO MUNICIPALITY_DOCUMENT_RELATION (MUNICIPALITY_DOCUMENT_ID, MUNICIPALITY_ID, DOCUMENT_ID, MARRIAGE_CONDITION, CHILDREN_CONDITION, STRANGER_CONDITION) VALUES(148, 738, 1, 'Y', 'N', 'N');
INSERT INTO MUNICIPALITY_DOCUMENT_RELATION (MUNICIPALITY_DOCUMENT_ID, MUNICIPALITY_ID, DOCUMENT_ID, MARRIAGE_CONDITION, CHILDREN_CONDITION, STRANGER_CONDITION) VALUES(149, 739, 1, 'Y', 'N', 'N');
INSERT INTO MUNICIPALITY_DOCUMENT_RELATION (MUNICIPALITY_DOCUMENT_ID, MUNICIPALITY_ID, DOCUMENT_ID, MARRIAGE_CONDITION, CHILDREN_CONDITION, STRANGER_CONDITION) VALUES(150, 740, 1, 'Y', 'N', 'N');
INSERT INTO MUNICIPALITY_DOCUMENT_RELATION (MUNICIPALITY_DOCUMENT_ID, MUNICIPALITY_ID, DOCUMENT_ID, MARRIAGE_CONDITION, CHILDREN_CONDITION, STRANGER_CONDITION) VALUES(151, 741, 1, 'Y', 'N', 'N');
INSERT INTO MUNICIPALITY_DOCUMENT_RELATION (MUNICIPALITY_DOCUMENT_ID, MUNICIPALITY_ID, DOCUMENT_ID, MARRIAGE_CONDITION, CHILDREN_CONDITION, STRANGER_CONDITION) VALUES(152, 742, 1, 'Y', 'N', 'N');




INSERT INTO MUNICIPALITY_DOCUMENT_RELATION (MUNICIPALITY_DOCUMENT_ID, MUNICIPALITY_ID, DOCUMENT_ID, MARRIAGE_CONDITION, CHILDREN_CONDITION, STRANGER_CONDITION) VALUES(153, 747, 1, 'Y', 'N', 'N');
INSERT INTO MUNICIPALITY_DOCUMENT_RELATION (MUNICIPALITY_DOCUMENT_ID, MUNICIPALITY_ID, DOCUMENT_ID, MARRIAGE_CONDITION, CHILDREN_CONDITION, STRANGER_CONDITION) VALUES(154, 748, 1, 'Y', 'N', 'N');
INSERT INTO MUNICIPALITY_DOCUMENT_RELATION (MUNICIPALITY_DOCUMENT_ID, MUNICIPALITY_ID, DOCUMENT_ID, MARRIAGE_CONDITION, CHILDREN_CONDITION, STRANGER_CONDITION) VALUES(155, 749, 1, 'Y', 'N', 'N');
INSERT INTO MUNICIPALITY_DOCUMENT_RELATION (MUNICIPALITY_DOCUMENT_ID, MUNICIPALITY_ID, DOCUMENT_ID, MARRIAGE_CONDITION, CHILDREN_CONDITION, STRANGER_CONDITION) VALUES(156, 750, 1, 'Y', 'N', 'N');
INSERT INTO MUNICIPALITY_DOCUMENT_RELATION (MUNICIPALITY_DOCUMENT_ID, MUNICIPALITY_ID, DOCUMENT_ID, MARRIAGE_CONDITION, CHILDREN_CONDITION, STRANGER_CONDITION) VALUES(157, 751, 1, 'Y', 'N', 'N');
INSERT INTO MUNICIPALITY_DOCUMENT_RELATION (MUNICIPALITY_DOCUMENT_ID, MUNICIPALITY_ID, DOCUMENT_ID, MARRIAGE_CONDITION, CHILDREN_CONDITION, STRANGER_CONDITION) VALUES(158, 754, 1, 'Y', 'N', 'N');
INSERT INTO MUNICIPALITY_DOCUMENT_RELATION (MUNICIPALITY_DOCUMENT_ID, MUNICIPALITY_ID, DOCUMENT_ID, MARRIAGE_CONDITION, CHILDREN_CONDITION, STRANGER_CONDITION) VALUES(159, 755, 1, 'Y', 'N', 'N');
INSERT INTO MUNICIPALITY_DOCUMENT_RELATION (MUNICIPALITY_DOCUMENT_ID, MUNICIPALITY_ID, DOCUMENT_ID, MARRIAGE_CONDITION, CHILDREN_CONDITION, STRANGER_CONDITION) VALUES(160, 756, 1, 'Y', 'N', 'N');




INSERT INTO MUNICIPALITY_DOCUMENT_RELATION (MUNICIPALITY_DOCUMENT_ID, MUNICIPALITY_ID, DOCUMENT_ID, MARRIAGE_CONDITION, CHILDREN_CONDITION, STRANGER_CONDITION) VALUES(161, 767, 1, 'Y', 'N', 'N');
INSERT INTO MUNICIPALITY_DOCUMENT_RELATION (MUNICIPALITY_DOCUMENT_ID, MUNICIPALITY_ID, DOCUMENT_ID, MARRIAGE_CONDITION, CHILDREN_CONDITION, STRANGER_CONDITION) VALUES(162, 768, 1, 'Y', 'N', 'N');
INSERT INTO MUNICIPALITY_DOCUMENT_RELATION (MUNICIPALITY_DOCUMENT_ID, MUNICIPALITY_ID, DOCUMENT_ID, MARRIAGE_CONDITION, CHILDREN_CONDITION, STRANGER_CONDITION) VALUES(163, 769, 1, 'Y', 'N', 'N');
INSERT INTO MUNICIPALITY_DOCUMENT_RELATION (MUNICIPALITY_DOCUMENT_ID, MUNICIPALITY_ID, DOCUMENT_ID, MARRIAGE_CONDITION, CHILDREN_CONDITION, STRANGER_CONDITION) VALUES(164, 770, 1, 'Y', 'N', 'N');
INSERT INTO MUNICIPALITY_DOCUMENT_RELATION (MUNICIPALITY_DOCUMENT_ID, MUNICIPALITY_ID, DOCUMENT_ID, MARRIAGE_CONDITION, CHILDREN_CONDITION, STRANGER_CONDITION) VALUES(165, 782, 1, 'Y', 'N', 'N');
INSERT INTO MUNICIPALITY_DOCUMENT_RELATION (MUNICIPALITY_DOCUMENT_ID, MUNICIPALITY_ID, DOCUMENT_ID, MARRIAGE_CONDITION, CHILDREN_CONDITION, STRANGER_CONDITION) VALUES(166, 783, 1, 'Y', 'N', 'N');
INSERT INTO MUNICIPALITY_DOCUMENT_RELATION (MUNICIPALITY_DOCUMENT_ID, MUNICIPALITY_ID, DOCUMENT_ID, MARRIAGE_CONDITION, CHILDREN_CONDITION, STRANGER_CONDITION) VALUES(167, 784, 1, 'Y', 'N', 'N');
INSERT INTO MUNICIPALITY_DOCUMENT_RELATION (MUNICIPALITY_DOCUMENT_ID, MUNICIPALITY_ID, DOCUMENT_ID, MARRIAGE_CONDITION, CHILDREN_CONDITION, STRANGER_CONDITION) VALUES(168, 785, 1, 'Y', 'N', 'N');




INSERT INTO MUNICIPALITY_DOCUMENT_RELATION (MUNICIPALITY_DOCUMENT_ID, MUNICIPALITY_ID, DOCUMENT_ID, MARRIAGE_CONDITION, CHILDREN_CONDITION, STRANGER_CONDITION) VALUES(169, 794, 1, 'Y', 'N', 'N');
INSERT INTO MUNICIPALITY_DOCUMENT_RELATION (MUNICIPALITY_DOCUMENT_ID, MUNICIPALITY_ID, DOCUMENT_ID, MARRIAGE_CONDITION, CHILDREN_CONDITION, STRANGER_CONDITION) VALUES(170, 841, 1, 'Y', 'N', 'N');
INSERT INTO MUNICIPALITY_DOCUMENT_RELATION (MUNICIPALITY_DOCUMENT_ID, MUNICIPALITY_ID, DOCUMENT_ID, MARRIAGE_CONDITION, CHILDREN_CONDITION, STRANGER_CONDITION) VALUES(171, 842, 1, 'Y', 'N', 'N');
INSERT INTO MUNICIPALITY_DOCUMENT_RELATION (MUNICIPALITY_DOCUMENT_ID, MUNICIPALITY_ID, DOCUMENT_ID, MARRIAGE_CONDITION, CHILDREN_CONDITION, STRANGER_CONDITION) VALUES(172, 843, 1, 'Y', 'N', 'N');
INSERT INTO MUNICIPALITY_DOCUMENT_RELATION (MUNICIPALITY_DOCUMENT_ID, MUNICIPALITY_ID, DOCUMENT_ID, MARRIAGE_CONDITION, CHILDREN_CONDITION, STRANGER_CONDITION) VALUES(173, 852, 1, 'Y', 'N', 'N');
INSERT INTO MUNICIPALITY_DOCUMENT_RELATION (MUNICIPALITY_DOCUMENT_ID, MUNICIPALITY_ID, DOCUMENT_ID, MARRIAGE_CONDITION, CHILDREN_CONDITION, STRANGER_CONDITION) VALUES(174, 853, 1, 'Y', 'N', 'N');
INSERT INTO MUNICIPALITY_DOCUMENT_RELATION (MUNICIPALITY_DOCUMENT_ID, MUNICIPALITY_ID, DOCUMENT_ID, MARRIAGE_CONDITION, CHILDREN_CONDITION, STRANGER_CONDITION) VALUES(175, 855, 1, 'Y', 'N', 'N');
INSERT INTO MUNICIPALITY_DOCUMENT_RELATION (MUNICIPALITY_DOCUMENT_ID, MUNICIPALITY_ID, DOCUMENT_ID, MARRIAGE_CONDITION, CHILDREN_CONDITION, STRANGER_CONDITION) VALUES(176, 861, 1, 'Y', 'N', 'N');




INSERT INTO MUNICIPALITY_DOCUMENT_RELATION (MUNICIPALITY_DOCUMENT_ID, MUNICIPALITY_ID, DOCUMENT_ID, MARRIAGE_CONDITION, CHILDREN_CONDITION, STRANGER_CONDITION) VALUES(177, 868, 1, 'Y', 'N', 'N');
INSERT INTO MUNICIPALITY_DOCUMENT_RELATION (MUNICIPALITY_DOCUMENT_ID, MUNICIPALITY_ID, DOCUMENT_ID, MARRIAGE_CONDITION, CHILDREN_CONDITION, STRANGER_CONDITION) VALUES(178, 869, 1, 'Y', 'N', 'N');
INSERT INTO MUNICIPALITY_DOCUMENT_RELATION (MUNICIPALITY_DOCUMENT_ID, MUNICIPALITY_ID, DOCUMENT_ID, MARRIAGE_CONDITION, CHILDREN_CONDITION, STRANGER_CONDITION) VALUES(179, 870, 1, 'Y', 'N', 'N');
INSERT INTO MUNICIPALITY_DOCUMENT_RELATION (MUNICIPALITY_DOCUMENT_ID, MUNICIPALITY_ID, DOCUMENT_ID, MARRIAGE_CONDITION, CHILDREN_CONDITION, STRANGER_CONDITION) VALUES(180, 872, 1, 'Y', 'N', 'N');
INSERT INTO MUNICIPALITY_DOCUMENT_RELATION (MUNICIPALITY_DOCUMENT_ID, MUNICIPALITY_ID, DOCUMENT_ID, MARRIAGE_CONDITION, CHILDREN_CONDITION, STRANGER_CONDITION) VALUES(181, 873, 1, 'Y', 'N', 'N');
INSERT INTO MUNICIPALITY_DOCUMENT_RELATION (MUNICIPALITY_DOCUMENT_ID, MUNICIPALITY_ID, DOCUMENT_ID, MARRIAGE_CONDITION, CHILDREN_CONDITION, STRANGER_CONDITION) VALUES(182, 874, 1, 'Y', 'N', 'N');
INSERT INTO MUNICIPALITY_DOCUMENT_RELATION (MUNICIPALITY_DOCUMENT_ID, MUNICIPALITY_ID, DOCUMENT_ID, MARRIAGE_CONDITION, CHILDREN_CONDITION, STRANGER_CONDITION) VALUES(183, 875, 1, 'Y', 'N', 'N');
INSERT INTO MUNICIPALITY_DOCUMENT_RELATION (MUNICIPALITY_DOCUMENT_ID, MUNICIPALITY_ID, DOCUMENT_ID, MARRIAGE_CONDITION, CHILDREN_CONDITION, STRANGER_CONDITION) VALUES(184, 876, 1, 'Y', 'N', 'N');




INSERT INTO MUNICIPALITY_DOCUMENT_RELATION (MUNICIPALITY_DOCUMENT_ID, MUNICIPALITY_ID, DOCUMENT_ID, MARRIAGE_CONDITION, CHILDREN_CONDITION, STRANGER_CONDITION) VALUES(185, 881, 1, 'Y', 'N', 'N');
INSERT INTO MUNICIPALITY_DOCUMENT_RELATION (MUNICIPALITY_DOCUMENT_ID, MUNICIPALITY_ID, DOCUMENT_ID, MARRIAGE_CONDITION, CHILDREN_CONDITION, STRANGER_CONDITION) VALUES(186, 883, 1, 'Y', 'N', 'N');
INSERT INTO MUNICIPALITY_DOCUMENT_RELATION (MUNICIPALITY_DOCUMENT_ID, MUNICIPALITY_ID, DOCUMENT_ID, MARRIAGE_CONDITION, CHILDREN_CONDITION, STRANGER_CONDITION) VALUES(187, 884, 1, 'Y', 'N', 'N');
INSERT INTO MUNICIPALITY_DOCUMENT_RELATION (MUNICIPALITY_DOCUMENT_ID, MUNICIPALITY_ID, DOCUMENT_ID, MARRIAGE_CONDITION, CHILDREN_CONDITION, STRANGER_CONDITION) VALUES(188, 885, 1, 'Y', 'N', 'N');
INSERT INTO MUNICIPALITY_DOCUMENT_RELATION (MUNICIPALITY_DOCUMENT_ID, MUNICIPALITY_ID, DOCUMENT_ID, MARRIAGE_CONDITION, CHILDREN_CONDITION, STRANGER_CONDITION) VALUES(189, 886, 1, 'Y', 'N', 'N');
INSERT INTO MUNICIPALITY_DOCUMENT_RELATION (MUNICIPALITY_DOCUMENT_ID, MUNICIPALITY_ID, DOCUMENT_ID, MARRIAGE_CONDITION, CHILDREN_CONDITION, STRANGER_CONDITION) VALUES(190, 888, 1, 'Y', 'N', 'N');
INSERT INTO MUNICIPALITY_DOCUMENT_RELATION (MUNICIPALITY_DOCUMENT_ID, MUNICIPALITY_ID, DOCUMENT_ID, MARRIAGE_CONDITION, CHILDREN_CONDITION, STRANGER_CONDITION) VALUES(191, 901, 1, 'Y', 'N', 'N');
INSERT INTO MUNICIPALITY_DOCUMENT_RELATION (MUNICIPALITY_DOCUMENT_ID, MUNICIPALITY_ID, DOCUMENT_ID, MARRIAGE_CONDITION, CHILDREN_CONDITION, STRANGER_CONDITION) VALUES(192, 902, 1, 'Y', 'N', 'N');




INSERT INTO MUNICIPALITY_DOCUMENT_RELATION (MUNICIPALITY_DOCUMENT_ID, MUNICIPALITY_ID, DOCUMENT_ID, MARRIAGE_CONDITION, CHILDREN_CONDITION, STRANGER_CONDITION) VALUES(193, 907, 1, 'Y', 'N', 'N');
INSERT INTO MUNICIPALITY_DOCUMENT_RELATION (MUNICIPALITY_DOCUMENT_ID, MUNICIPALITY_ID, DOCUMENT_ID, MARRIAGE_CONDITION, CHILDREN_CONDITION, STRANGER_CONDITION) VALUES(194, 908, 1, 'Y', 'N', 'N');
INSERT INTO MUNICIPALITY_DOCUMENT_RELATION (MUNICIPALITY_DOCUMENT_ID, MUNICIPALITY_ID, DOCUMENT_ID, MARRIAGE_CONDITION, CHILDREN_CONDITION, STRANGER_CONDITION) VALUES(195, 909, 1, 'Y', 'N', 'N');
INSERT INTO MUNICIPALITY_DOCUMENT_RELATION (MUNICIPALITY_DOCUMENT_ID, MUNICIPALITY_ID, DOCUMENT_ID, MARRIAGE_CONDITION, CHILDREN_CONDITION, STRANGER_CONDITION) VALUES(196, 921, 1, 'Y', 'N', 'N');
INSERT INTO MUNICIPALITY_DOCUMENT_RELATION (MUNICIPALITY_DOCUMENT_ID, MUNICIPALITY_ID, DOCUMENT_ID, MARRIAGE_CONDITION, CHILDREN_CONDITION, STRANGER_CONDITION) VALUES(197, 922, 1, 'Y', 'N', 'N');
INSERT INTO MUNICIPALITY_DOCUMENT_RELATION (MUNICIPALITY_DOCUMENT_ID, MUNICIPALITY_ID, DOCUMENT_ID, MARRIAGE_CONDITION, CHILDREN_CONDITION, STRANGER_CONDITION) VALUES(198, 923, 1, 'Y', 'N', 'N');
INSERT INTO MUNICIPALITY_DOCUMENT_RELATION (MUNICIPALITY_DOCUMENT_ID, MUNICIPALITY_ID, DOCUMENT_ID, MARRIAGE_CONDITION, CHILDREN_CONDITION, STRANGER_CONDITION) VALUES(199, 924, 1, 'Y', 'N', 'N');
INSERT INTO MUNICIPALITY_DOCUMENT_RELATION (MUNICIPALITY_DOCUMENT_ID, MUNICIPALITY_ID, DOCUMENT_ID, MARRIAGE_CONDITION, CHILDREN_CONDITION, STRANGER_CONDITION) VALUES(200, 925, 1, 'Y', 'N', 'N');




INSERT INTO MUNICIPALITY_DOCUMENT_RELATION (MUNICIPALITY_DOCUMENT_ID, MUNICIPALITY_ID, DOCUMENT_ID, MARRIAGE_CONDITION, CHILDREN_CONDITION, STRANGER_CONDITION) VALUES(201, 932, 1, 'Y', 'N', 'N');
INSERT INTO MUNICIPALITY_DOCUMENT_RELATION (MUNICIPALITY_DOCUMENT_ID, MUNICIPALITY_ID, DOCUMENT_ID, MARRIAGE_CONDITION, CHILDREN_CONDITION, STRANGER_CONDITION) VALUES(202, 934, 1, 'Y', 'N', 'N');
INSERT INTO MUNICIPALITY_DOCUMENT_RELATION (MUNICIPALITY_DOCUMENT_ID, MUNICIPALITY_ID, DOCUMENT_ID, MARRIAGE_CONDITION, CHILDREN_CONDITION, STRANGER_CONDITION) VALUES(203, 935, 1, 'Y', 'N', 'N');
INSERT INTO MUNICIPALITY_DOCUMENT_RELATION (MUNICIPALITY_DOCUMENT_ID, MUNICIPALITY_ID, DOCUMENT_ID, MARRIAGE_CONDITION, CHILDREN_CONDITION, STRANGER_CONDITION) VALUES(204, 936, 1, 'Y', 'N', 'N');
INSERT INTO MUNICIPALITY_DOCUMENT_RELATION (MUNICIPALITY_DOCUMENT_ID, MUNICIPALITY_ID, DOCUMENT_ID, MARRIAGE_CONDITION, CHILDREN_CONDITION, STRANGER_CONDITION) VALUES(205, 937, 1, 'Y', 'N', 'N');
INSERT INTO MUNICIPALITY_DOCUMENT_RELATION (MUNICIPALITY_DOCUMENT_ID, MUNICIPALITY_ID, DOCUMENT_ID, MARRIAGE_CONDITION, CHILDREN_CONDITION, STRANGER_CONDITION) VALUES(206, 938, 1, 'Y', 'N', 'N');
INSERT INTO MUNICIPALITY_DOCUMENT_RELATION (MUNICIPALITY_DOCUMENT_ID, MUNICIPALITY_ID, DOCUMENT_ID, MARRIAGE_CONDITION, CHILDREN_CONDITION, STRANGER_CONDITION) VALUES(207, 939, 1, 'Y', 'N', 'N');
INSERT INTO MUNICIPALITY_DOCUMENT_RELATION (MUNICIPALITY_DOCUMENT_ID, MUNICIPALITY_ID, DOCUMENT_ID, MARRIAGE_CONDITION, CHILDREN_CONDITION, STRANGER_CONDITION) VALUES(208, 940, 1, 'Y', 'N', 'N');




INSERT INTO MUNICIPALITY_DOCUMENT_RELATION (MUNICIPALITY_DOCUMENT_ID, MUNICIPALITY_ID, DOCUMENT_ID, MARRIAGE_CONDITION, CHILDREN_CONDITION, STRANGER_CONDITION) VALUES(209, 945, 1, 'Y', 'N', 'N');
INSERT INTO MUNICIPALITY_DOCUMENT_RELATION (MUNICIPALITY_DOCUMENT_ID, MUNICIPALITY_ID, DOCUMENT_ID, MARRIAGE_CONDITION, CHILDREN_CONDITION, STRANGER_CONDITION) VALUES(210, 946, 1, 'Y', 'N', 'N');
INSERT INTO MUNICIPALITY_DOCUMENT_RELATION (MUNICIPALITY_DOCUMENT_ID, MUNICIPALITY_ID, DOCUMENT_ID, MARRIAGE_CONDITION, CHILDREN_CONDITION, STRANGER_CONDITION) VALUES(211, 947, 1, 'Y', 'N', 'N');
INSERT INTO MUNICIPALITY_DOCUMENT_RELATION (MUNICIPALITY_DOCUMENT_ID, MUNICIPALITY_ID, DOCUMENT_ID, MARRIAGE_CONDITION, CHILDREN_CONDITION, STRANGER_CONDITION) VALUES(212, 948, 1, 'Y', 'N', 'N');
INSERT INTO MUNICIPALITY_DOCUMENT_RELATION (MUNICIPALITY_DOCUMENT_ID, MUNICIPALITY_ID, DOCUMENT_ID, MARRIAGE_CONDITION, CHILDREN_CONDITION, STRANGER_CONDITION) VALUES(213, 951, 1, 'Y', 'N', 'N');
INSERT INTO MUNICIPALITY_DOCUMENT_RELATION (MUNICIPALITY_DOCUMENT_ID, MUNICIPALITY_ID, DOCUMENT_ID, MARRIAGE_CONDITION, CHILDREN_CONDITION, STRANGER_CONDITION) VALUES(214, 952, 1, 'Y', 'N', 'N');
INSERT INTO MUNICIPALITY_DOCUMENT_RELATION (MUNICIPALITY_DOCUMENT_ID, MUNICIPALITY_ID, DOCUMENT_ID, MARRIAGE_CONDITION, CHILDREN_CONDITION, STRANGER_CONDITION) VALUES(215, 953, 1, 'Y', 'N', 'N');
INSERT INTO MUNICIPALITY_DOCUMENT_RELATION (MUNICIPALITY_DOCUMENT_ID, MUNICIPALITY_ID, DOCUMENT_ID, MARRIAGE_CONDITION, CHILDREN_CONDITION, STRANGER_CONDITION) VALUES(216, 954, 1, 'Y', 'N', 'N');




INSERT INTO MUNICIPALITY_DOCUMENT_RELATION (MUNICIPALITY_DOCUMENT_ID, MUNICIPALITY_ID, DOCUMENT_ID, MARRIAGE_CONDITION, CHILDREN_CONDITION, STRANGER_CONDITION) VALUES(217, 959, 1, 'Y', 'N', 'N');
INSERT INTO MUNICIPALITY_DOCUMENT_RELATION (MUNICIPALITY_DOCUMENT_ID, MUNICIPALITY_ID, DOCUMENT_ID, MARRIAGE_CONDITION, CHILDREN_CONDITION, STRANGER_CONDITION) VALUES(218, 960, 1, 'Y', 'N', 'N');
INSERT INTO MUNICIPALITY_DOCUMENT_RELATION (MUNICIPALITY_DOCUMENT_ID, MUNICIPALITY_ID, DOCUMENT_ID, MARRIAGE_CONDITION, CHILDREN_CONDITION, STRANGER_CONDITION) VALUES(219, 971, 1, 'Y', 'N', 'N');
INSERT INTO MUNICIPALITY_DOCUMENT_RELATION (MUNICIPALITY_DOCUMENT_ID, MUNICIPALITY_ID, DOCUMENT_ID, MARRIAGE_CONDITION, CHILDREN_CONDITION, STRANGER_CONDITION) VALUES(220, 972, 1, 'Y', 'N', 'N');
INSERT INTO MUNICIPALITY_DOCUMENT_RELATION (MUNICIPALITY_DOCUMENT_ID, MUNICIPALITY_ID, DOCUMENT_ID, MARRIAGE_CONDITION, CHILDREN_CONDITION, STRANGER_CONDITION) VALUES(221, 973, 1, 'Y', 'N', 'N');
INSERT INTO MUNICIPALITY_DOCUMENT_RELATION (MUNICIPALITY_DOCUMENT_ID, MUNICIPALITY_ID, DOCUMENT_ID, MARRIAGE_CONDITION, CHILDREN_CONDITION, STRANGER_CONDITION) VALUES(222, 975, 1, 'Y', 'N', 'N');
INSERT INTO MUNICIPALITY_DOCUMENT_RELATION (MUNICIPALITY_DOCUMENT_ID, MUNICIPALITY_ID, DOCUMENT_ID, MARRIAGE_CONDITION, CHILDREN_CONDITION, STRANGER_CONDITION) VALUES(223, 976, 1, 'Y', 'N', 'N');
INSERT INTO MUNICIPALITY_DOCUMENT_RELATION (MUNICIPALITY_DOCUMENT_ID, MUNICIPALITY_ID, DOCUMENT_ID, MARRIAGE_CONDITION, CHILDREN_CONDITION, STRANGER_CONDITION) VALUES(224, 977, 1, 'Y', 'N', 'N');




INSERT INTO MUNICIPALITY_DOCUMENT_RELATION (MUNICIPALITY_DOCUMENT_ID, MUNICIPALITY_ID, DOCUMENT_ID, MARRIAGE_CONDITION, CHILDREN_CONDITION, STRANGER_CONDITION) VALUES(225, 983, 1, 'Y', 'N', 'N');
INSERT INTO MUNICIPALITY_DOCUMENT_RELATION (MUNICIPALITY_DOCUMENT_ID, MUNICIPALITY_ID, DOCUMENT_ID, MARRIAGE_CONDITION, CHILDREN_CONDITION, STRANGER_CONDITION) VALUES(226, 985, 1, 'Y', 'N', 'N');
INSERT INTO MUNICIPALITY_DOCUMENT_RELATION (MUNICIPALITY_DOCUMENT_ID, MUNICIPALITY_ID, DOCUMENT_ID, MARRIAGE_CONDITION, CHILDREN_CONDITION, STRANGER_CONDITION) VALUES(227, 987, 1, 'Y', 'N', 'N');
INSERT INTO MUNICIPALITY_DOCUMENT_RELATION (MUNICIPALITY_DOCUMENT_ID, MUNICIPALITY_ID, DOCUMENT_ID, MARRIAGE_CONDITION, CHILDREN_CONDITION, STRANGER_CONDITION) VALUES(228, 988, 1, 'Y', 'N', 'N');
INSERT INTO MUNICIPALITY_DOCUMENT_RELATION (MUNICIPALITY_DOCUMENT_ID, MUNICIPALITY_ID, DOCUMENT_ID, MARRIAGE_CONDITION, CHILDREN_CONDITION, STRANGER_CONDITION) VALUES(229, 989, 1, 'Y', 'N', 'N');
INSERT INTO MUNICIPALITY_DOCUMENT_RELATION (MUNICIPALITY_DOCUMENT_ID, MUNICIPALITY_ID, DOCUMENT_ID, MARRIAGE_CONDITION, CHILDREN_CONDITION, STRANGER_CONDITION) VALUES(230, 990, 1, 'Y', 'N', 'N');
INSERT INTO MUNICIPALITY_DOCUMENT_RELATION (MUNICIPALITY_DOCUMENT_ID, MUNICIPALITY_ID, DOCUMENT_ID, MARRIAGE_CONDITION, CHILDREN_CONDITION, STRANGER_CONDITION) VALUES(231, 991, 1, 'Y', 'N', 'N');
INSERT INTO MUNICIPALITY_DOCUMENT_RELATION (MUNICIPALITY_DOCUMENT_ID, MUNICIPALITY_ID, DOCUMENT_ID, MARRIAGE_CONDITION, CHILDREN_CONDITION, STRANGER_CONDITION) VALUES(232, 992, 1, 'Y', 'N', 'N');



